ts_code,name,coverage_count,recent_30d_count,latest_report_date,positive_pct,negative_pct,neutral_pct,recent_positive_pct,rating_trend,eps_y1_mean,eps_y1_std,eps_y1_year,pe_y1_mean,tp_mean,tp_count,tp_change,tp_change_pct,tp_raised_count,tp_cut_count
000001.SZ,平安银行,5,5,2026-05-12,80.0,0.0,20.0,80.0,数据不足,2.24,0.04,2026.0,5.2,13.76,3,-3.8,-25.3,0,0
600893.SH,航发动力,5,4,2026-05-13,80.0,0.0,20.0,100.0,数据不足,0.22,0.02,2026.0,232.0,55.56,1,,,0,0
600977.SH,中国电影,5,0,2025-04-20,80.0,0.0,20.0,,数据不足,0.16,0.03,2024.0,78.7,12.7,3,-1.64,-12.4,0,0
600968.SH,海油发展,5,0,2025-04-28,60.0,0.0,40.0,,数据不足,0.41,0.01,2025.0,10.0,4.9,1,,,0,0
600958.SH,东方证券,5,5,2026-05-07,100.0,0.0,0.0,100.0,数据不足,0.74,0.02,2026.0,12.4,12.59,1,,,0,0
600941.SH,中国移动,5,5,2026-04-29,100.0,0.0,0.0,100.0,数据不足,6.13,0.26,2026.0,15.6,,0,,,0,0
600938.SH,中国海油,5,5,2026-05-12,100.0,0.0,0.0,100.0,数据不足,3.5,0.28,2026.0,11.5,,0,,,0,0
600930.SH,华电新能,5,2,2026-04-30,20.0,0.0,80.0,50.0,升级,0.19,0.03,2025.0,33.0,7.0,1,,,0,0
600926.SH,杭州银行,5,5,2026-05-04,100.0,0.0,0.0,100.0,数据不足,2.92,0.02,2026.0,6.1,19.08,1,,,0,0
600919.SH,江苏银行,5,5,2026-05-15,100.0,0.0,0.0,100.0,数据不足,2.04,0.02,2026.0,5.7,13.9,1,,,0,0
600918.SH,中泰证券,5,0,2026-04-02,100.0,0.0,0.0,,数据不足,0.22,0.03,2025.0,30.2,7.42,2,-0.03,-0.4,0,1
600905.SH,三峡能源,5,3,2026-05-13,100.0,0.0,0.0,100.0,稳定,0.16,0.04,2026.0,26.9,4.96,2,-0.04,-0.8,0,0
600900.SH,长江电力,5,5,2026-05-13,100.0,0.0,0.0,100.0,数据不足,1.5,0.02,2026.0,18.1,35.36,2,2.73,8.0,0,0
600887.SH,伊利股份,5,5,2026-05-15,100.0,0.0,0.0,100.0,数据不足,1.94,0.01,2026.0,14.3,36.86,3,-4.3,-11.0,0,0
600998.SH,九州通,5,0,2025-05-08,80.0,0.0,20.0,,数据不足,0.56,0.03,2025.0,9.4,6.84,1,,,0,0
600886.SH,国投电力,5,5,2026-05-13,100.0,0.0,0.0,100.0,数据不足,0.95,0.02,2026.0,14.3,16.88,2,-0.25,-1.5,0,0
600884.SH,杉杉股份,5,0,2024-06-04,80.0,0.0,20.0,,数据不足,0.46,0.09,2024.0,24.5,,0,,,0,0
600875.SH,东方电气,5,5,2026-05-12,100.0,0.0,0.0,100.0,数据不足,1.46,0.14,2026.0,26.6,56.95,3,0.0,0.0,0,0
600872.SH,中炬高新,5,0,2025-05-06,100.0,0.0,0.0,,数据不足,1.15,0.04,2025.0,16.9,26.92,1,,,0,0
600867.SH,通化东宝,5,0,2025-05-14,60.0,0.0,40.0,,数据不足,0.19,0.16,2025.0,113.4,10.54,4,1.27,13.0,1,1
600848.SH,上海临港,5,0,2025-04-16,100.0,0.0,0.0,,数据不足,0.5,0.09,2024.0,19.9,11.0,1,,,0,0
600845.SH,宝信软件,5,2,2026-05-06,100.0,0.0,0.0,100.0,稳定,0.59,0.02,2026.0,38.5,30.66,1,,,0,0
600837.SH,海通证券,5,0,2024-08-30,80.0,0.0,20.0,,数据不足,0.52,0.44,2024.0,34.9,10.86,4,-0.14,-1.1,0,1
600809.SH,山西汾酒,5,5,2026-05-10,80.0,0.0,20.0,80.0,数据不足,9.77,0.59,2026.0,14.5,201.0,1,,,0,0
600803.SH,新奥股份,5,2,2026-05-06,100.0,0.0,0.0,100.0,稳定,1.76,0.09,2026.0,12.4,27.0,1,,,0,0
600795.SH,国电电力,5,5,2026-05-14,100.0,0.0,0.0,100.0,数据不足,0.34,0.03,2026.0,14.6,6.0,1,,,0,0
600989.SH,宝丰能源,5,5,2026-05-11,100.0,0.0,0.0,100.0,数据不足,2.25,0.08,2026.0,13.4,35.92,3,-1.15,-3.2,0,0
600999.SH,招商证券,5,5,2026-05-10,80.0,0.0,20.0,80.0,数据不足,1.63,0.09,2026.0,9.9,21.37,5,1.95,10.9,0,0
600160.SH,巨化股份,5,5,2026-05-08,100.0,0.0,0.0,100.0,数据不足,2.12,0.12,2026.0,17.0,,0,,,0,0
601138.SH,工业富联,5,5,2026-05-15,80.0,0.0,20.0,80.0,数据不足,3.15,0.19,2026.0,20.2,88.84,2,22.32,28.7,0,0
601298.SH,青岛港,5,3,2026-05-13,100.0,0.0,0.0,100.0,稳定,0.85,0.01,2026.0,10.4,11.31,1,,,0,0
601288.SH,农业银行,5,5,2026-05-08,80.0,0.0,20.0,80.0,数据不足,0.87,0.01,2026.0,8.2,7.89,2,0.26,3.4,0,0
601238.SH,广汽集团,5,3,2026-05-05,80.0,0.0,20.0,100.0,升级,0.35,0.08,2026.0,,8.46,2,-1.07,-11.9,0,0
601231.SH,环旭电子,5,0,2025-05-07,80.0,0.0,20.0,,数据不足,0.83,0.07,2025.0,18.3,17.5,2,-3.0,-15.8,0,0
601229.SH,上海银行,5,5,2026-05-13,100.0,0.0,0.0,100.0,数据不足,1.74,0.02,2026.0,5.4,12.03,1,,,0,0
601225.SH,陕西煤业,5,5,2026-04-30,80.0,0.0,20.0,80.0,数据不足,2.05,0.06,2026.0,12.4,30.38,2,1.23,4.1,0,0
601211.SH,国泰海通,5,5,2026-04-27,80.0,0.0,20.0,80.0,数据不足,1.56,0.08,2026.0,10.7,23.22,4,3.4,17.1,0,0
601186.SH,中国铁建,5,1,2026-04-30,100.0,0.0,0.0,100.0,数据不足,1.32,0.07,2026.0,5.3,9.09,2,-1.81,-18.1,0,0
601169.SH,北京银行,5,5,2026-05-04,80.0,0.0,20.0,80.0,数据不足,1.05,0.04,2026.0,5.9,6.63,3,0.5,7.5,0,0
601166.SH,兴业银行,5,5,2026-05-07,80.0,0.0,20.0,80.0,数据不足,3.73,0.03,2026.0,5.1,24.7,2,2.79,12.0,0,0
601155.SH,新城控股,5,0,2025-05-07,100.0,0.0,0.0,,数据不足,0.37,0.03,2025.0,34.4,19.41,3,-3.59,-18.0,0,0
601127.SH,赛力斯,5,5,2026-05-06,80.0,0.0,20.0,80.0,数据不足,5.0,0.55,2026.0,18.4,112.27,3,0.34,0.3,0,0
601006.SH,大秦铁路,5,5,2026-05-15,100.0,0.0,0.0,100.0,数据不足,0.38,0.04,2026.0,15.4,6.0,2,0.6,10.5,0,0
601117.SH,中国化学,5,5,2026-05-07,100.0,0.0,0.0,100.0,数据不足,1.14,0.02,2026.0,7.5,13.41,1,,,0,0
601111.SH,中国国航,5,0,2026-04-14,100.0,0.0,0.0,,数据不足,0.11,0.04,2026.0,69.0,10.32,1,,,0,0
601108.SH,财通证券,5,0,2025-05-08,100.0,0.0,0.0,,数据不足,0.52,0.03,2025.0,14.1,9.03,1,,,0,0
601100.SH,恒立液压,5,5,2026-05-14,100.0,0.0,0.0,100.0,数据不足,2.6,0.04,2026.0,39.8,,0,,,0,0
601088.SH,中国神华,5,5,2026-04-30,100.0,0.0,0.0,100.0,数据不足,2.85,0.3,2026.0,16.6,55.44,1,,,0,0
601077.SH,渝农商行,5,5,2026-05-12,80.0,0.0,20.0,80.0,数据不足,1.16,0.03,2026.0,6.3,9.01,3,-1.28,-13.1,0,0
601066.SH,中信建投,5,3,2026-05-06,100.0,0.0,0.0,100.0,稳定,1.44,0.05,2026.0,15.8,,0,,,0,0
601058.SH,赛轮轮胎,5,5,2026-05-08,100.0,0.0,0.0,100.0,数据不足,1.33,0.1,2026.0,10.9,18.0,1,,,0,0
601021.SH,春秋航空,5,4,2026-05-12,80.0,0.0,20.0,75.0,数据不足,2.17,0.28,2026.0,22.2,67.9,1,,,0,0
601012.SH,隆基绿能,5,5,2026-05-08,100.0,0.0,0.0,100.0,数据不足,0.24,0.17,2026.0,256.0,23.0,2,-6.0,-23.1,0,0
601009.SH,南京银行,5,5,2026-04-29,100.0,0.0,0.0,100.0,数据不足,1.92,0.01,2026.0,6.3,14.16,2,-2.47,-16.0,0,0
600763.SH,通策医疗,5,0,2025-05-13,100.0,0.0,0.0,,数据不足,1.23,0.04,2025.0,32.7,47.84,2,2.33,5.0,0,0
600760.SH,中航沈飞,5,2,2026-05-09,100.0,0.0,0.0,100.0,稳定,1.25,0.12,2026.0,39.4,68.1,1,,,0,0
600754.SH,锦江酒店,5,0,2025-05-14,80.0,0.0,20.0,,数据不足,0.99,0.07,2025.0,24.3,26.42,2,7.85,34.9,0,0
600332.SH,白云山,5,1,2026-04-28,40.0,0.0,60.0,0.0,数据不足,2.01,0.16,2026.0,12.0,34.0,3,0.0,0.0,0,0
600436.SH,片仔癀,5,5,2026-05-15,80.0,0.0,20.0,80.0,数据不足,3.38,0.79,2026.0,38.5,195.88,4,-46.5,-21.5,0,0
600426.SH,华鲁恒升,5,5,2026-05-14,100.0,0.0,0.0,100.0,数据不足,2.47,0.16,2026.0,15.5,47.5,1,,,0,0
600415.SH,小商品城,5,5,2026-05-12,80.0,0.0,20.0,80.0,数据不足,1.01,0.04,2026.0,13.5,20.04,3,0.57,2.8,0,0
600406.SH,国电南瑞,5,5,2026-05-14,100.0,0.0,0.0,100.0,数据不足,1.15,0.02,2026.0,22.5,34.5,1,,,0,0
600398.SH,海澜之家,5,0,2025-05-13,100.0,0.0,0.0,,数据不足,0.51,0.01,2025.0,15.5,9.06,2,-1.11,-11.6,0,0
600383.SH,金地集团,5,0,2025-05-12,80.0,0.0,20.0,,数据不足,0.41,0.34,2025.0,117.3,5.63,3,0.59,11.4,0,1
600377.SH,宁沪高速,5,2,2026-05-13,80.0,0.0,20.0,50.0,降级,0.96,0.01,2026.0,12.4,14.0,2,0.0,0.0,0,0
600372.SH,中航机载,5,5,2026-05-15,80.0,0.0,20.0,80.0,数据不足,0.25,0.01,2026.0,51.9,13.81,2,-1.38,-9.5,0,0
600362.SH,江西铜业,5,0,2026-04-03,60.0,0.0,40.0,,数据不足,3.02,0.8,2025.0,17.2,57.7,2,-14.21,-21.9,0,0
600352.SH,浙江龙盛,5,0,2025-04-28,80.0,0.0,20.0,,数据不足,0.65,0.02,2025.0,15.0,12.36,2,-0.96,-7.5,0,0
600346.SH,恒力石化,5,5,2026-05-13,100.0,0.0,0.0,100.0,数据不足,1.86,0.29,2026.0,12.0,30.0,1,,,0,0
600309.SH,万华化学,5,5,2026-05-15,100.0,0.0,0.0,100.0,数据不足,5.83,0.38,2026.0,15.2,108.31,4,-7.7,-7.0,0,0
600745.SH,闻泰科技,5,0,2025-10-29,100.0,0.0,0.0,,数据不足,1.5,0.35,2025.0,30.6,59.72,2,14.15,26.9,0,0
600299.SH,安迪苏,5,0,2025-04-30,80.0,0.0,20.0,,数据不足,0.6,0.02,2025.0,17.6,,0,,,0,0
600276.SH,恒瑞医药,5,5,2026-05-13,100.0,0.0,0.0,100.0,数据不足,1.43,0.07,2026.0,38.7,78.48,5,-1.42,-1.6,0,0
600271.SH,航天信息,5,0,2025-04-19,80.0,0.0,20.0,,数据不足,0.21,0.02,2024.0,41.0,8.6,3,0.61,7.3,1,0
600233.SH,圆通速递,5,5,2026-05-07,100.0,0.0,0.0,100.0,数据不足,1.79,0.03,2026.0,12.2,,0,,,0,0
000002.SZ,万科A,5,2,2026-05-14,60.0,0.0,40.0,50.0,降级,2.05,1.1,2026.0,,4.07,1,,,0,0
600208.SH,衢州发展,5,0,2025-05-05,20.0,0.0,80.0,,数据不足,0.26,0.0,2024.0,11.5,4.93,3,1.28,30.8,0,0
600196.SH,复星医药,5,2,2026-04-29,100.0,0.0,0.0,100.0,稳定,1.43,0.1,2026.0,18.3,44.0,1,,,0,0
600188.SH,兖矿能源,5,5,2026-05-11,80.0,0.0,20.0,80.0,数据不足,1.78,0.27,2026.0,12.5,29.64,1,,,0,0
600183.SH,生益科技,5,5,2026-05-06,100.0,0.0,0.0,100.0,数据不足,2.46,0.31,2026.0,32.9,98.05,2,6.1,6.4,0,0
600176.SH,中国巨石,5,5,2026-05-14,100.0,0.0,0.0,100.0,数据不足,1.6,0.08,2026.0,22.9,45.9,1,,,0,0
600170.SH,上海建工,5,0,2025-05-07,100.0,0.0,0.0,,数据不足,0.21,0.03,2025.0,12.4,3.4,2,0.59,19.0,0,0
600438.SH,通威股份,5,5,2026-05-06,80.0,0.0,20.0,80.0,数据不足,0.68,0.14,2026.0,,21.28,2,-2.55,-11.3,0,0
600460.SH,士兰微,5,1,2026-04-28,80.0,0.0,20.0,100.0,数据不足,0.35,0.1,2025.0,93.7,36.8,4,-11.87,-26.4,0,1
600482.SH,中国动力,5,4,2026-05-11,100.0,0.0,0.0,100.0,数据不足,1.11,0.35,2026.0,38.1,,0,,,0,0
600487.SH,亨通光电,5,0,2025-05-11,80.0,0.0,20.0,,数据不足,1.35,0.03,2025.0,11.6,21.53,2,-3.06,-13.3,0,0
600741.SH,华域汽车,5,4,2026-05-12,80.0,0.0,20.0,75.0,数据不足,2.39,0.04,2026.0,7.9,24.42,3,0.59,2.3,0,0
600733.SH,北汽蓝谷,5,0,2025-05-07,100.0,0.0,0.0,,数据不足,0.99,0.21,2024.0,,11.0,1,,,0,0
600732.SH,爱旭股份,5,0,2025-05-13,100.0,0.0,0.0,,数据不足,0.25,0.16,2025.0,64.7,14.0,1,,,0,0
600703.SH,三安光电,5,0,2025-05-08,100.0,0.0,0.0,,数据不足,0.22,0.07,2024.0,60.0,14.78,1,,,0,0
600690.SH,海尔智家,5,5,2026-05-06,100.0,0.0,0.0,100.0,数据不足,2.2,0.03,2026.0,9.8,29.93,3,-0.96,-3.5,0,0
600674.SH,川投能源,5,5,2026-05-11,100.0,0.0,0.0,100.0,数据不足,1.05,0.04,2026.0,14.5,19.54,3,-0.19,-1.0,0,0
600660.SH,福耀玻璃,5,5,2026-05-04,100.0,0.0,0.0,100.0,数据不足,3.96,0.09,2026.0,15.0,70.0,1,,,0,0
600655.SH,豫园股份,5,0,2025-05-05,80.0,0.0,20.0,,数据不足,0.31,0.06,2025.0,18.8,6.43,1,,,0,0
600600.SH,青岛啤酒,5,5,2026-05-11,80.0,0.0,20.0,80.0,数据不足,3.57,0.06,2026.0,17.7,74.8,1,,,0,0
600588.SH,用友网络,5,4,2026-05-06,80.0,0.0,20.0,75.0,数据不足,0.06,0.07,2026.0,741.1,15.98,3,5.34,44.5,0,1
600585.SH,海螺水泥,5,5,2026-05-06,100.0,0.0,0.0,100.0,数据不足,1.68,0.06,2026.0,12.2,29.76,1,,,0,0
600584.SH,长电科技,5,5,2026-05-12,100.0,0.0,0.0,100.0,数据不足,1.13,0.08,2026.0,44.2,54.2,1,,,0,0
600583.SH,海油工程,5,0,2025-05-07,80.0,0.0,20.0,,数据不足,0.55,0.02,2025.0,9.8,7.2,2,-1.39,-17.6,0,0
600570.SH,恒生电子,5,1,2026-04-30,80.0,0.0,20.0,100.0,数据不足,0.74,0.05,2026.0,35.2,34.42,3,-1.75,-4.9,0,0
600566.SH,济川药业,5,0,2025-05-10,100.0,0.0,0.0,,数据不足,2.44,0.22,2025.0,10.8,,0,,,0,0
600547.SH,山东黄金,5,2,2026-05-06,80.0,0.0,20.0,100.0,升级,2.13,0.12,2026.0,17.8,49.11,2,-0.09,-0.2,0,0
600535.SH,天士力,5,0,2025-05-06,100.0,0.0,0.0,,数据不足,0.75,0.02,2025.0,20.1,16.9,3,1.06,6.3,0,0
600522.SH,中天科技,5,5,2026-05-12,100.0,0.0,0.0,100.0,数据不足,1.97,0.24,2026.0,18.2,44.28,2,8.55,21.4,0,0
600521.SH,华海药业,5,0,2025-05-06,80.0,0.0,20.0,,数据不足,0.85,0.03,2024.0,19.4,19.09,4,-4.22,-21.1,0,1
600519.SH,贵州茅台,5,5,2026-05-13,80.0,0.0,20.0,80.0,数据不足,68.42,2.18,2026.0,20.3,1945.0,1,,,0,0
600515.SH,海南机场,5,5,2026-05-11,80.0,0.0,20.0,80.0,数据不足,0.03,0.01,2026.0,152.0,4.12,2,0.09,2.2,0,0
600498.SH,烽火通信,5,0,2025-05-06,100.0,0.0,0.0,,数据不足,0.75,0.15,2025.0,30.4,29.72,1,,,0,0
600489.SH,中金黄金,5,5,2026-05-08,80.0,0.0,20.0,80.0,数据不足,2.05,0.19,2026.0,13.1,31.78,1,,,0,0
601318.SH,中国平安,5,5,2026-05-11,100.0,0.0,0.0,100.0,数据不足,7.96,0.48,2026.0,7.4,78.0,1,,,0,0
601319.SH,中国人保,5,5,2026-05-10,100.0,0.0,0.0,100.0,数据不足,1.1,0.08,2026.0,6.5,9.0,1,,,0,0
601328.SH,交通银行,5,4,2026-05-08,100.0,0.0,0.0,100.0,数据不足,1.12,0.01,2026.0,6.5,8.8,3,0.55,6.4,0,0
603486.SH,科沃斯,5,0,2025-05-12,100.0,0.0,0.0,,数据不足,2.86,0.27,2025.0,18.5,65.12,2,-4.25,-6.3,0,0
603939.SH,益丰药房,5,0,2025-05-14,100.0,0.0,0.0,,数据不足,1.46,0.02,2025.0,19.2,36.0,1,,,0,0
603899.SH,晨光股份,5,0,2025-05-10,60.0,0.0,40.0,,数据不足,1.67,0.03,2025.0,18.0,,0,,,0,0
603893.SH,瑞芯微,5,5,2026-05-05,100.0,0.0,0.0,100.0,数据不足,3.24,0.13,2026.0,55.7,,0,,,0,0
603882.SH,金域医学,5,0,2025-05-08,40.0,0.0,60.0,,数据不足,0.51,0.33,2025.0,99.6,30.77,2,-2.14,-6.7,0,0
603833.SH,欧派家居,5,5,2026-05-15,100.0,0.0,0.0,100.0,数据不足,3.27,0.22,2026.0,14.6,,0,,,0,0
603806.SH,福斯特,5,5,2026-05-12,100.0,0.0,0.0,100.0,数据不足,0.62,0.08,2026.0,31.1,26.2,1,,,0,0
603799.SH,华友钴业,5,5,2026-05-15,100.0,0.0,0.0,100.0,数据不足,5.06,0.28,2026.0,12.8,78.25,2,4.5,5.9,0,0
603659.SH,璞泰来,5,5,2026-04-30,100.0,0.0,0.0,100.0,数据不足,1.56,0.08,2026.0,23.6,46.09,4,-14.36,-26.4,0,0
603658.SH,安图生物,5,0,2025-05-14,100.0,0.0,0.0,,数据不足,2.23,0.04,2025.0,17.8,47.65,3,1.05,2.2,0,0
603517.SH,绝味食品,5,0,2025-05-10,100.0,0.0,0.0,,数据不足,0.81,0.03,2025.0,21.0,20.0,1,,,0,0
603501.SH,豪威集团,5,5,2026-05-11,100.0,0.0,0.0,100.0,数据不足,3.23,0.16,2026.0,30.5,148.58,1,,,0,0
603369.SH,今世缘,5,5,2026-05-10,80.0,0.0,20.0,80.0,数据不足,2.12,0.04,2026.0,13.3,,0,,,0,0
601998.SH,中信银行,5,3,2026-05-05,80.0,0.0,20.0,100.0,升级,1.31,0.0,2026.0,6.5,,0,,,0,0
603338.SH,浙江鼎力,5,0,2025-05-14,100.0,0.0,0.0,,数据不足,4.08,0.23,2025.0,11.1,52.71,2,-2.38,-4.4,0,0
603296.SH,华勤技术,5,5,2026-05-14,100.0,0.0,0.0,100.0,数据不足,4.77,0.07,2026.0,23.5,,0,,,0,0
603290.SH,斯达半导,5,0,2025-04-28,80.0,0.0,20.0,,数据不足,2.65,0.4,2025.0,32.3,100.09,5,-8.79,-9.0,0,0
603288.SH,海天味业,5,5,2026-04-29,80.0,0.0,20.0,80.0,数据不足,1.35,0.01,2026.0,29.2,,0,,,0,0
603260.SH,合盛硅业,5,4,2026-05-02,80.0,0.0,20.0,100.0,数据不足,1.04,0.3,2026.0,47.1,53.81,2,-2.38,-4.3,0,0
603259.SH,药明康德,5,5,2026-05-14,80.0,0.0,20.0,80.0,数据不足,6.19,0.44,2026.0,17.8,161.19,3,-60.24,-30.1,0,0
603233.SH,大参林,5,0,2025-05-08,100.0,0.0,0.0,,数据不足,0.97,0.02,2025.0,19.3,22.0,1,,,0,0
603195.SH,公牛集团,5,5,2026-05-07,100.0,0.0,0.0,100.0,数据不足,2.36,0.03,2026.0,18.4,59.25,1,,,0,0
603160.SH,汇顶科技,5,0,2025-04-24,80.0,0.0,20.0,,数据不足,1.87,0.05,2025.0,39.8,82.0,1,,,0,0
603156.SH,养元饮品,5,0,2025-05-13,100.0,0.0,0.0,,数据不足,1.07,0.05,2024.0,21.0,,0,,,0,0
603087.SH,甘李药业,5,0,2025-05-14,80.0,0.0,20.0,,数据不足,1.73,0.4,2025.0,29.8,61.1,2,-3.79,-6.0,0,0
603986.SH,兆易创新,5,5,2026-05-15,100.0,0.0,0.0,100.0,数据不足,8.93,1.62,2026.0,38.6,484.16,2,77.68,17.4,0,0
603993.SH,洛阳钼业,5,5,2026-05-13,100.0,0.0,0.0,100.0,数据不足,1.55,0.15,2026.0,12.4,,0,,,0,0
605117.SH,德业股份,5,5,2026-05-06,100.0,0.0,0.0,100.0,数据不足,6.03,0.28,2026.0,25.0,175.32,3,-3.11,-1.7,0,0
605499.SH,东鹏饮料,5,5,2026-05-08,100.0,0.0,0.0,100.0,数据不足,9.66,0.15,2026.0,21.0,280.07,3,15.4,5.6,0,0
688599.SH,天合光能,5,5,2026-05-09,100.0,0.0,0.0,100.0,数据不足,0.22,0.14,2026.0,108.9,22.0,1,,,0,0
688561.SH,奇安信,5,0,2025-04-30,60.0,0.0,40.0,,数据不足,0.27,0.17,2024.0,177.5,39.62,4,-5.49,-12.8,0,0
688506.SH,百利天恒,5,3,2026-05-06,100.0,0.0,0.0,100.0,稳定,2.26,0.78,2026.0,75.6,361.02,2,49.79,14.8,0,0
688472.SH,阿特斯,5,5,2026-05-12,100.0,0.0,0.0,100.0,数据不足,0.64,0.12,2026.0,22.8,18.0,1,,,0,0
688396.SH,华润微,5,5,2026-04-29,80.0,20.0,0.0,80.0,数据不足,0.97,0.36,2026.0,67.8,63.65,3,-14.08,-17.4,0,0
688363.SH,华熙生物,5,0,2025-05-06,60.0,0.0,40.0,,数据不足,0.97,0.09,2025.0,50.4,49.8,2,13.57,31.6,0,0
688303.SH,大全能源,5,4,2026-04-30,80.0,0.0,20.0,75.0,数据不足,0.13,0.1,2026.0,1572.0,29.33,3,-2.75,-9.1,0,0
688271.SH,联影医疗,5,5,2026-05-14,100.0,0.0,0.0,100.0,数据不足,2.92,0.12,2026.0,39.2,154.0,1,,,0,0
688256.SH,寒武纪,5,5,2026-05-05,100.0,0.0,0.0,100.0,数据不足,11.03,3.26,2026.0,124.8,1990.28,2,831.43,52.8,0,0
688223.SH,晶科能源,5,5,2026-05-12,100.0,0.0,0.0,100.0,数据不足,0.05,0.03,2026.0,148.5,7.6,1,,,0,0
688187.SH,时代电气,5,4,2026-05-12,100.0,0.0,0.0,100.0,数据不足,3.37,0.05,2026.0,14.7,59.81,2,-11.5,-17.5,0,0
688169.SH,石头科技,5,5,2026-05-04,100.0,0.0,0.0,100.0,数据不足,7.59,0.24,2026.0,15.4,150.0,1,,,0,0
688126.SH,沪硅产业,5,1,2026-04-22,60.0,20.0,20.0,100.0,数据不足,0.13,0.11,2025.0,1076.3,16.1,1,,,0,0
688111.SH,金山办公,5,5,2026-05-05,60.0,0.0,40.0,60.0,数据不足,7.74,0.85,2026.0,32.8,358.04,4,-9.05,-2.5,0,0
688082.SH,盛美上海,5,0,2026-03-19,100.0,0.0,0.0,,数据不足,3.62,0.3,2026.0,48.1,199.0,1,,,0,0
688065.SH,凯赛生物,5,0,2025-04-28,100.0,0.0,0.0,,数据不足,0.87,0.1,2025.0,60.8,63.0,1,,,0,0
688047.SH,龙芯中科,5,3,2026-05-11,80.0,0.0,20.0,100.0,升级,0.79,0.27,2025.0,,177.99,1,,,0,0
688041.SH,海光信息,5,5,2026-05-11,100.0,0.0,0.0,100.0,数据不足,1.94,0.21,2026.0,155.5,320.36,1,,,0,0
688036.SH,传音控股,5,5,2026-05-07,80.0,0.0,20.0,80.0,数据不足,2.87,0.3,2026.0,20.4,60.0,1,,,0,0
688012.SH,中微公司,5,5,2026-05-10,80.0,0.0,20.0,80.0,数据不足,5.37,0.42,2026.0,69.5,460.27,2,-24.54,-5.2,0,0
688009.SH,中国通号,5,1,2026-05-11,80.0,0.0,20.0,100.0,数据不足,0.37,0.02,2026.0,14.7,6.63,2,-0.06,-0.9,0,0
688008.SH,澜起科技,5,5,2026-05-13,100.0,0.0,0.0,100.0,数据不足,2.55,0.71,2026.0,65.1,297.38,2,131.25,56.6,0,0
688005.SH,容百科技,5,0,2025-05-13,100.0,0.0,0.0,,数据不足,0.96,0.17,2025.0,22.1,30.29,3,-5.26,-16.9,0,0
603019.SH,中科曙光,5,5,2026-05-07,80.0,0.0,20.0,80.0,数据不足,2.04,0.06,2026.0,46.7,99.9,2,1.84,1.9,0,0
601995.SH,中金公司,5,5,2026-05-09,100.0,0.0,0.0,100.0,数据不足,2.53,0.19,2026.0,13.6,41.78,2,-4.88,-11.0,0,0
601336.SH,新华保险,5,5,2026-05-11,100.0,0.0,0.0,100.0,数据不足,11.07,1.93,2026.0,6.2,82.76,2,-4.48,-5.3,0,0
601628.SH,中国人寿,5,5,2026-05-11,100.0,0.0,0.0,100.0,数据不足,4.87,0.88,2026.0,8.1,47.42,2,0.83,1.8,0,0
601788.SH,光大证券,5,1,2026-04-30,80.0,0.0,20.0,100.0,数据不足,0.81,0.08,2025.0,21.9,19.0,1,,,0,0
601766.SH,中国中车,5,2,2026-05-10,100.0,0.0,0.0,100.0,稳定,0.5,0.0,2026.0,12.3,,0,,,0,0
601728.SH,中国电信,5,5,2026-04-29,100.0,0.0,0.0,100.0,数据不足,0.33,0.02,2026.0,18.2,8.11,1,,,0,0
601699.SH,潞安环能,5,5,2026-05-05,80.0,0.0,20.0,80.0,数据不足,1.03,0.1,2026.0,15.4,18.1,2,1.6,9.2,0,0
601698.SH,中国卫通,5,0,2026-04-08,80.0,0.0,20.0,,数据不足,0.14,0.01,2024.0,139.8,,0,,,0,0
601689.SH,拓普集团,5,5,2026-05-08,80.0,0.0,20.0,80.0,数据不足,1.96,0.06,2026.0,30.7,69.3,1,,,0,0
601688.SH,华泰证券,5,5,2026-05-09,100.0,0.0,0.0,100.0,数据不足,2.13,0.08,2026.0,9.1,21.42,1,,,0,0
601669.SH,中国电建,5,5,2026-05-14,100.0,0.0,0.0,100.0,数据不足,0.59,0.01,2026.0,9.6,8.16,1,,,0,0
601668.SH,中国建筑,5,5,2026-05-08,80.0,0.0,20.0,80.0,数据不足,0.96,0.03,2026.0,5.1,6.2,2,0.4,6.7,0,0
601658.SH,邮储银行,5,4,2026-05-09,80.0,0.0,20.0,75.0,数据不足,0.75,0.01,2026.0,7.0,6.62,4,0.6,9.2,0,0
601633.SH,长城汽车,5,5,2026-05-06,100.0,0.0,0.0,100.0,数据不足,1.43,0.06,2026.0,14.1,26.08,3,-0.16,-0.6,0,0
601618.SH,中国中冶,5,1,2026-05-06,100.0,0.0,0.0,100.0,数据不足,0.26,0.01,2026.0,11.2,3.76,2,0.49,14.0,0,0
601992.SH,金隅集团,5,0,2024-12-09,40.0,0.0,60.0,,数据不足,0.04,0.02,2024.0,69.8,2.85,5,0.62,29.5,0,1
601615.SH,明阳智能,5,0,2025-05-11,80.0,0.0,20.0,,数据不足,0.99,0.06,2025.0,10.4,13.0,1,,,0,0
601607.SH,上海医药,5,1,2026-05-08,80.0,0.0,20.0,100.0,数据不足,1.51,0.13,2026.0,11.4,25.88,1,,,0,0
601601.SH,中国太保,5,5,2026-04-30,100.0,0.0,0.0,100.0,数据不足,5.79,0.56,2026.0,6.4,52.0,2,3.01,6.0,0,0
601600.SH,中国铝业,5,3,2026-04-28,80.0,0.0,20.0,66.7,降级,1.37,0.21,2026.0,9.2,16.44,2,-2.11,-12.1,0,0
601577.SH,长沙银行,5,0,2025-04-30,80.0,0.0,20.0,,数据不足,2.04,0.02,2025.0,4.6,,0,,,0,0
601555.SH,东吴证券,5,0,2025-05-09,100.0,0.0,0.0,,数据不足,0.52,0.08,2025.0,15.2,10.42,3,2.75,31.0,0,0
601456.SH,国联民生,5,4,2026-04-30,100.0,0.0,0.0,100.0,数据不足,0.4,0.02,2026.0,23.2,12.42,3,-1.79,-12.5,0,0
601398.SH,工商银行,5,3,2026-04-30,80.0,0.0,20.0,66.7,降级,1.07,0.01,2026.0,7.2,9.24,3,-0.09,-1.0,0,0
601390.SH,中国中铁,5,4,2026-05-13,100.0,0.0,0.0,100.0,数据不足,0.91,0.04,2026.0,5.7,7.0,1,,,0,0
601377.SH,兴业证券,5,5,2026-05-08,100.0,0.0,0.0,100.0,数据不足,0.39,0.01,2026.0,15.5,7.32,2,-0.79,-10.2,0,0
601360.SH,三六零,5,2,2026-05-06,100.0,0.0,0.0,100.0,稳定,0.06,0.03,2025.0,238.3,14.15,3,-1.47,-9.7,1,0
601799.SH,星宇股份,5,5,2026-05-08,80.0,0.0,20.0,80.0,数据不足,6.79,0.17,2026.0,18.6,158.24,4,-0.7,-0.4,0,0
601800.SH,中国交建,5,3,2026-04-30,100.0,0.0,0.0,100.0,稳定,0.96,0.02,2026.0,7.6,8.85,2,-2.3,-23.0,0,0
601808.SH,中海油服,5,5,2026-05-04,80.0,0.0,20.0,80.0,数据不足,0.93,0.06,2026.0,16.3,18.3,2,1.59,9.1,0,0
601816.SH,京沪高铁,5,5,2026-05-15,100.0,0.0,0.0,100.0,数据不足,0.29,0.01,2026.0,17.4,6.87,3,0.1,1.5,0,0
601989.SH,中国重工,5,0,2025-07-11,100.0,0.0,0.0,,数据不足,0.11,0.05,2024.0,53.4,,0,,,0,0
601988.SH,中国银行,5,5,2026-05-05,60.0,0.0,40.0,60.0,数据不足,0.78,0.01,2026.0,7.7,7.25,2,0.0,0.0,0,0
601985.SH,中国核电,5,5,2026-05-15,80.0,0.0,20.0,80.0,数据不足,0.42,0.02,2026.0,21.8,10.45,2,-0.9,-8.3,0,0
601966.SH,玲珑轮胎,5,0,2025-05-08,100.0,0.0,0.0,,数据不足,1.27,0.13,2025.0,11.3,16.56,1,,,0,0
601939.SH,建设银行,5,3,2026-05-02,100.0,0.0,0.0,100.0,稳定,1.34,0.02,2026.0,7.3,11.8,4,-0.49,-3.9,0,0
601933.SH,永辉超市,5,0,2025-05-03,80.0,0.0,20.0,,数据不足,0.06,0.03,2025.0,,7.08,2,-0.17,-2.4,0,0
601919.SH,中远海控,5,2,2026-05-10,80.0,0.0,20.0,50.0,降级,1.76,0.14,2026.0,8.5,17.85,2,-0.3,-1.7,0,0
601916.SH,浙商银行,5,2,2026-04-30,60.0,0.0,40.0,50.0,降级,0.45,0.02,2026.0,6.8,3.49,3,0.0,0.0,0,0
601901.SH,方正证券,5,1,2026-05-08,100.0,0.0,0.0,100.0,数据不足,0.53,0.03,2026.0,14.5,8.95,3,0.14,1.7,1,0
601899.SH,紫金矿业,5,5,2026-04-28,100.0,0.0,0.0,100.0,数据不足,3.16,0.13,2026.0,10.8,,0,,,0,0
601898.SH,中煤能源,5,5,2026-05-08,60.0,0.0,40.0,60.0,数据不足,1.56,0.07,2026.0,11.4,21.54,2,5.09,26.8,0,0
601888.SH,中国中免,5,5,2026-05-14,100.0,0.0,0.0,100.0,数据不足,2.49,0.06,2026.0,25.6,,0,,,0,0
601881.SH,中国银河,5,5,2026-05-07,100.0,0.0,0.0,100.0,数据不足,1.32,0.07,2026.0,9.8,16.38,3,3.32,23.2,0,0
601878.SH,浙商证券,5,0,2026-04-19,80.0,0.0,20.0,,数据不足,0.59,0.04,2025.0,17.3,12.85,2,-2.3,-16.4,0,1
601877.SH,正泰电器,5,2,2026-05-07,100.0,0.0,0.0,100.0,稳定,2.45,0.14,2026.0,14.0,,0,,,0,0
601872.SH,招商轮船,5,5,2026-05-09,100.0,0.0,0.0,100.0,数据不足,1.64,0.16,2026.0,11.0,26.9,1,,,0,0
601868.SH,中国能建,5,2,2026-05-06,100.0,0.0,0.0,100.0,稳定,0.16,0.01,2026.0,18.3,3.78,2,0.0,0.0,0,0
601865.SH,福莱特,5,2,2026-04-30,80.0,0.0,20.0,50.0,降级,0.5,0.09,2026.0,28.9,20.0,2,0.0,0.0,0,0
601857.SH,中国石油,5,5,2026-05-15,80.0,0.0,20.0,80.0,数据不足,1.01,0.04,2026.0,12.0,13.74,1,,,0,0
601838.SH,成都银行,5,5,2026-05-05,100.0,0.0,0.0,100.0,数据不足,3.29,0.03,2026.0,5.5,21.73,1,,,0,0
601828.SH,美凯龙,5,0,2025-04-10,60.0,0.0,40.0,,数据不足,0.14,0.23,2025.0,207.8,3.47,2,0.3,9.0,0,0
601825.SH,沪农商行,5,5,2026-05-11,80.0,0.0,20.0,80.0,数据不足,1.3,0.02,2026.0,7.0,10.35,2,0.76,7.6,0,0
601818.SH,光大银行,5,2,2026-05-06,60.0,0.0,40.0,100.0,升级,0.65,0.01,2026.0,5.2,4.05,3,-0.05,-1.2,0,0
600161.SH,天坛生物,5,3,2026-05-07,80.0,0.0,20.0,100.0,升级,0.58,0.04,2026.0,25.5,17.08,3,1.72,10.5,0,0
600219.SH,南山铝业,5,1,2026-05-03,80.0,0.0,20.0,100.0,数据不足,0.5,0.06,2026.0,11.9,7.32,2,-0.35,-4.7,0,0
600153.SH,建发股份,5,0,2025-05-07,100.0,0.0,0.0,,数据不足,1.27,0.08,2025.0,8.4,12.42,2,0.84,7.0,0,0
002791.SZ,坚朗五金,5,0,2025-05-09,100.0,0.0,0.0,,数据不足,0.53,0.03,2025.0,43.0,37.37,1,,,0,0
002410.SZ,广联达,5,0,2025-05-05,80.0,0.0,20.0,,数据不足,0.29,0.02,2025.0,49.7,17.0,1,,,0,0
002384.SZ,东山精密,5,5,2026-05-05,80.0,0.0,20.0,80.0,数据不足,3.91,0.39,2026.0,48.2,200.0,1,,,0,0
002371.SZ,北方华创,5,5,2026-05-12,100.0,0.0,0.0,100.0,数据不足,9.85,3.02,2026.0,49.3,729.5,2,21.0,2.9,0,0
002352.SZ,顺丰控股,5,5,2026-05-12,80.0,0.0,20.0,80.0,数据不足,2.41,0.03,2026.0,15.3,54.53,3,-6.03,-10.4,0,0
002311.SZ,海大集团,5,5,2026-05-11,100.0,0.0,0.0,100.0,数据不足,2.9,0.25,2026.0,16.8,69.53,3,-11.9,-15.7,0,0
002304.SZ,洋河股份,5,5,2026-05-13,100.0,0.0,0.0,100.0,数据不足,1.72,0.43,2026.0,29.7,52.5,1,,,0,0
002294.SZ,信立泰,5,0,2025-04-29,100.0,0.0,0.0,,数据不足,0.6,0.01,2025.0,62.4,44.28,2,-8.55,-17.6,0,0
002271.SZ,东方雨虹,5,5,2026-05-13,100.0,0.0,0.0,100.0,数据不足,0.76,0.08,2026.0,20.7,19.6,2,2.8,15.4,0,0
002252.SZ,上海莱士,5,0,2025-10-29,100.0,0.0,0.0,,数据不足,0.32,0.03,2025.0,20.4,8.0,1,,,0,0
002241.SZ,歌尔股份,5,5,2026-05-05,100.0,0.0,0.0,100.0,数据不足,0.99,0.05,2026.0,24.9,34.81,1,,,0,0
002236.SZ,大华股份,5,3,2026-05-08,80.0,0.0,20.0,100.0,升级,1.08,0.3,2026.0,15.2,24.72,3,1.7,7.6,0,0
002230.SZ,科大讯飞,5,5,2026-05-11,100.0,0.0,0.0,100.0,数据不足,0.51,0.01,2026.0,98.2,,0,,,0,0
002202.SZ,金风科技,5,0,2025-04-29,80.0,0.0,20.0,,数据不足,0.63,0.02,2025.0,13.9,10.4,1,,,0,0
002180.SZ,奔图科技,5,1,2026-04-23,100.0,0.0,0.0,100.0,数据不足,0.6,0.14,2025.0,35.3,30.0,1,,,0,0
002179.SZ,中航光电,5,4,2026-05-11,100.0,0.0,0.0,100.0,数据不足,1.19,0.03,2026.0,31.0,46.0,1,,,0,0
002157.SZ,正邦科技,5,0,2025-04-26,100.0,0.0,0.0,,数据不足,0.06,0.01,2024.0,56.2,,0,,,0,0
002153.SZ,石基信息,5,0,2025-05-12,100.0,0.0,0.0,,数据不足,0.03,0.01,2025.0,246.0,11.19,2,0.98,9.2,0,0
002142.SZ,宁波银行,5,5,2026-05-05,100.0,0.0,0.0,100.0,数据不足,4.91,0.05,2026.0,6.8,35.02,1,,,0,0
002129.SZ,TCL中环,5,2,2026-05-14,80.0,20.0,0.0,100.0,升级,0.52,0.1,2026.0,,6.5,2,6.6,206.2,0,0
002120.SZ,韵达股份,5,0,2025-05-13,60.0,0.0,40.0,,数据不足,0.68,0.01,2025.0,10.0,8.44,2,0.7,8.7,0,0
002081.SZ,金螳螂,5,0,2025-05-05,100.0,0.0,0.0,,数据不足,0.22,0.0,2025.0,15.6,4.31,1,,,0,0
002074.SZ,国轩高科,5,5,2026-05-11,100.0,0.0,0.0,100.0,数据不足,1.05,0.29,2026.0,37.2,49.56,2,-10.57,-19.3,0,0
002064.SZ,华峰化学,5,0,2025-05-13,100.0,0.0,0.0,,数据不足,0.46,0.04,2025.0,14.9,,0,,,0,0
002050.SZ,三花智控,5,5,2026-05-07,80.0,0.0,20.0,80.0,数据不足,1.13,0.03,2026.0,41.2,56.08,2,-6.85,-11.5,0,0
002049.SZ,紫光国微,5,3,2026-05-11,80.0,20.0,0.0,100.0,升级,2.22,0.19,2026.0,35.2,91.89,3,-28.55,-23.1,0,0
002415.SZ,海康威视,5,5,2026-05-04,60.0,0.0,40.0,60.0,数据不足,1.77,0.03,2026.0,19.4,42.29,1,,,0,0
002422.SZ,科伦药业,5,3,2026-05-11,80.0,0.0,20.0,66.7,降级,1.17,0.45,2026.0,25.2,43.14,4,-7.1,-16.5,0,0
002459.SZ,晶澳科技,5,5,2026-05-06,100.0,0.0,0.0,100.0,数据不足,0.13,0.04,2026.0,94.3,12.16,2,-0.32,-2.6,0,0
002603.SZ,以岭药业,5,0,2025-05-14,100.0,0.0,0.0,,数据不足,0.6,0.13,2024.0,27.6,20.65,2,-4.3,-18.9,0,1
002756.SZ,永兴材料,5,0,2025-04-30,100.0,0.0,0.0,,数据不足,1.79,0.17,2025.0,18.1,39.2,3,-10.2,-23.7,0,0
002739.SZ,万达电影,5,0,2025-05-07,100.0,0.0,0.0,,数据不足,0.54,0.05,2025.0,20.9,13.42,1,,,0,0
002736.SZ,国信证券,5,1,2026-04-30,100.0,0.0,0.0,100.0,数据不足,1.2,0.04,2026.0,10.2,14.47,1,,,0,0
600150.SH,中国船舶,5,5,2026-05-12,100.0,0.0,0.0,100.0,数据不足,2.46,0.15,2026.0,16.8,52.0,1,,,0,0
002714.SZ,牧原股份,5,5,2026-04-28,80.0,0.0,20.0,80.0,数据不足,0.89,0.35,2026.0,47.3,62.0,1,,,0,0
002709.SZ,天赐材料,5,5,2026-05-12,80.0,0.0,20.0,80.0,数据不足,3.52,0.57,2026.0,16.3,70.0,1,,,0,0
002673.SZ,西部证券,5,0,2025-04-30,100.0,0.0,0.0,,数据不足,0.32,0.04,2025.0,23.5,8.98,4,0.0,0.0,0,0
002648.SZ,卫星化学,5,2,2026-04-27,100.0,0.0,0.0,100.0,稳定,2.82,0.44,2026.0,10.0,34.32,1,,,0,0
002625.SZ,光启技术,5,2,2026-04-29,100.0,0.0,0.0,100.0,稳定,0.44,0.11,2025.0,102.2,54.4,1,,,0,0
002624.SZ,完美世界,5,0,2025-05-14,100.0,0.0,0.0,,数据不足,0.38,0.05,2025.0,35.2,14.98,3,0.85,5.9,0,0
002607.SZ,中公教育,5,0,2024-05-04,60.0,0.0,40.0,,数据不足,0.05,0.01,2023.0,66.1,5.17,1,,,0,0
002601.SZ,龙佰集团,5,5,2026-05-14,100.0,0.0,0.0,100.0,数据不足,0.68,0.06,2026.0,25.2,,0,,,0,0
002460.SZ,赣锋锂业,5,4,2026-05-06,100.0,0.0,0.0,100.0,数据不足,3.81,0.64,2026.0,22.8,101.05,2,11.9,12.5,0,0
002600.SZ,领益智造,5,5,2026-05-13,100.0,0.0,0.0,100.0,数据不足,0.42,0.03,2026.0,34.3,,0,,,0,0
002594.SZ,比亚迪,5,5,2026-05-13,100.0,0.0,0.0,100.0,数据不足,4.96,0.56,2026.0,20.3,127.73,3,0.0,0.0,0,0
002568.SZ,百润股份,5,0,2025-05-13,80.0,0.0,20.0,,数据不足,0.79,0.03,2025.0,33.1,31.12,2,-1.76,-5.5,0,0
002558.SZ,巨人网络,5,0,2025-05-04,80.0,0.0,20.0,,数据不足,0.84,0.02,2025.0,17.2,17.8,1,,,0,0
002555.SZ,三七互娱,5,5,2026-05-11,100.0,0.0,0.0,100.0,数据不足,1.46,0.08,2026.0,14.9,24.5,2,1.0,4.2,0,0
002508.SZ,老板电器,5,0,2025-05-13,100.0,0.0,0.0,,数据不足,1.77,0.02,2025.0,11.3,27.15,1,,,0,0
002493.SZ,荣盛石化,5,5,2026-05-11,100.0,0.0,0.0,100.0,数据不足,0.77,0.1,2026.0,17.6,17.71,1,,,0,0
002475.SZ,立讯精密,5,5,2026-05-11,80.0,0.0,20.0,80.0,数据不足,2.91,0.1,2026.0,23.5,88.67,3,4.0,4.7,0,0
002468.SZ,申通快递,5,0,2025-05-11,100.0,0.0,0.0,,数据不足,0.89,0.03,2025.0,12.0,11.94,1,,,0,0
002466.SZ,天齐锂业,5,5,2026-05-08,100.0,0.0,0.0,100.0,数据不足,4.46,0.33,2026.0,16.8,94.99,3,14.04,14.9,0,0
002463.SZ,沪电股份,5,5,2026-05-10,100.0,0.0,0.0,100.0,数据不足,2.76,0.76,2026.0,33.3,125.65,3,26.97,23.4,0,0
002044.SZ,美年健康,5,0,2025-05-13,80.0,0.0,20.0,,数据不足,0.16,0.0,2025.0,33.8,6.4,2,1.2,20.7,0,0
002032.SZ,苏泊尔,5,0,2025-05-06,100.0,0.0,0.0,,数据不足,3.0,0.03,2025.0,18.3,65.88,2,-5.77,-8.4,0,0
002028.SZ,思源电气,5,5,2026-05-11,80.0,0.0,20.0,80.0,数据不足,4.89,1.59,2026.0,36.9,223.9,1,,,0,0
000425.SZ,徐工机械,5,5,2026-05-14,100.0,0.0,0.0,100.0,数据不足,0.7,0.02,2026.0,14.3,12.33,1,,,0,0
000708.SZ,中信特钢,5,3,2026-04-28,100.0,0.0,0.0,100.0,稳定,1.29,0.04,2026.0,12.4,19.13,3,-1.65,-8.0,0,0
000703.SZ,恒逸石化,5,0,2025-04-29,80.0,0.0,20.0,,数据不足,0.12,0.04,2024.0,58.9,7.52,2,-2.03,-23.8,0,0
000661.SZ,长春高新,5,5,2026-05-06,100.0,0.0,0.0,100.0,数据不足,2.73,0.23,2026.0,31.4,105.9,2,-10.89,-9.8,0,0
000651.SZ,格力电器,5,5,2026-05-13,100.0,0.0,0.0,100.0,数据不足,5.41,0.04,2026.0,7.3,59.2,2,9.6,17.6,0,0
000630.SZ,铜陵有色,5,1,2026-04-22,80.0,0.0,20.0,0.0,数据不足,0.33,0.15,2025.0,20.0,6.44,2,0.72,11.8,0,0
000629.SZ,钒钛股份,5,0,2025-04-08,80.0,0.0,20.0,,数据不足,0.05,0.01,2025.0,58.0,3.12,1,,,0,0
000625.SZ,长安汽车,5,5,2026-05-10,100.0,0.0,0.0,100.0,数据不足,0.51,0.06,2026.0,19.0,11.52,2,-2.51,-19.7,0,0
000617.SZ,中油资本,5,1,2026-05-06,80.0,0.0,20.0,100.0,数据不足,0.38,0.0,2025.0,20.0,10.66,2,-0.64,-5.8,0,0
000596.SZ,古井贡酒,5,5,2026-05-14,80.0,0.0,20.0,80.0,数据不足,6.89,0.74,2026.0,15.4,115.5,1,,,0,0
000568.SZ,泸州老窖,5,5,2026-05-10,80.0,0.0,20.0,80.0,数据不足,6.66,0.33,2026.0,15.0,112.5,1,,,0,0
000538.SZ,云南白药,5,3,2026-05-07,80.0,0.0,20.0,100.0,升级,3.17,0.12,2026.0,17.2,72.3,2,-19.8,-24.1,0,0
000423.SZ,东阿阿胶,5,0,2025-05-09,100.0,0.0,0.0,,数据不足,2.91,0.04,2025.0,18.7,72.5,1,,,0,0
000725.SZ,京东方A,5,5,2026-05-07,80.0,0.0,20.0,80.0,数据不足,0.23,0.02,2026.0,18.0,4.83,3,-0.44,-8.9,0,0
000415.SZ,渤海租赁,5,0,2025-05-07,100.0,0.0,0.0,,数据不足,0.26,0.05,2025.0,12.9,4.8,1,,,0,0
000408.SZ,藏格矿业,5,1,2026-05-09,100.0,0.0,0.0,100.0,数据不足,5.06,0.44,2026.0,17.1,,0,,,0,0
000338.SZ,潍柴动力,5,5,2026-05-10,100.0,0.0,0.0,100.0,数据不足,1.48,0.4,2026.0,20.2,45.8,3,-1.4,-3.1,0,0
000333.SZ,美的集团,5,5,2026-05-13,100.0,0.0,0.0,100.0,数据不足,5.53,1.33,2026.0,13.0,99.0,1,,,0,0
000301.SZ,东方盛虹,5,5,2026-05-15,100.0,0.0,0.0,100.0,数据不足,0.57,0.13,2026.0,24.0,,0,,,0,0
000166.SZ,申万宏源,5,0,2026-04-06,0.0,0.0,100.0,,数据不足,0.31,0.11,2025.0,18.8,5.9,5,-1.1,-16.2,1,0
000157.SZ,中联重科,5,5,2026-05-14,100.0,0.0,0.0,100.0,数据不足,0.69,0.02,2026.0,11.7,10.29,2,0.42,4.2,0,0
000100.SZ,TCL科技,5,5,2026-05-14,100.0,0.0,0.0,100.0,数据不足,0.34,0.02,2026.0,12.7,5.8,1,,,0,0
000069.SZ,华侨城A,5,0,2025-04-15,40.0,0.0,60.0,,数据不足,0.17,0.14,2024.0,54.5,2.82,3,0.88,39.3,0,0
000066.SZ,中国长城,5,0,2025-04-30,100.0,0.0,0.0,,数据不足,0.09,0.16,2024.0,881.1,10.42,1,,,0,0
000063.SZ,中兴通讯,5,4,2026-05-05,80.0,0.0,20.0,75.0,数据不足,1.38,0.18,2026.0,26.9,42.74,2,-1.48,-3.4,0,0
000723.SZ,美锦能源,5,0,2025-04-29,80.0,0.0,20.0,,数据不足,0.15,0.06,2024.0,69.8,5.0,1,,,0,0
000728.SZ,国元证券,5,0,2025-04-21,100.0,0.0,0.0,,数据不足,0.52,0.05,2025.0,15.3,9.78,1,,,0,0
002027.SZ,分众传媒,5,5,2026-05-11,80.0,0.0,20.0,80.0,数据不足,0.42,0.01,2026.0,15.2,,0,,,0,0
000963.SZ,华东医药,5,5,2026-05-14,80.0,0.0,20.0,80.0,数据不足,2.19,0.02,2026.0,15.4,46.88,3,-0.6,-1.4,0,0
002010.SZ,传化智联,5,0,2025-04-22,80.0,0.0,20.0,,数据不足,0.14,0.09,2024.0,77.6,4.84,2,1.57,38.8,0,0
002008.SZ,大族激光,5,0,2025-04-25,40.0,0.0,60.0,,数据不足,1.47,0.28,2024.0,16.4,28.0,2,0.0,0.0,0,0
002007.SZ,华兰生物,5,2,2026-04-29,100.0,0.0,0.0,100.0,稳定,0.58,0.09,2026.0,26.1,20.02,2,-4.05,-18.4,0,0
002001.SZ,新和成,5,5,2026-05-13,100.0,0.0,0.0,100.0,数据不足,2.83,0.29,2026.0,12.2,45.22,1,,,0,0
001979.SZ,招商蛇口,5,5,2026-05-06,100.0,0.0,0.0,100.0,数据不足,0.17,0.05,2026.0,55.3,13.92,1,,,0,0
001965.SZ,招商公路,5,5,2026-05-09,100.0,0.0,0.0,100.0,数据不足,0.75,0.04,2026.0,12.6,11.35,2,0.7,6.4,0,0
001289.SZ,龙源电力,5,2,2026-05-05,80.0,0.0,20.0,50.0,降级,0.57,0.04,2026.0,28.0,18.9,1,,,0,0
000999.SZ,华润三九,5,5,2026-05-15,80.0,0.0,20.0,80.0,数据不足,2.16,0.12,2026.0,11.9,36.35,4,-3.7,-9.8,0,0
000983.SZ,山西焦煤,5,5,2026-05-11,80.0,0.0,20.0,80.0,数据不足,0.49,0.06,2026.0,14.4,8.3,2,0.47,5.8,0,0
000977.SZ,浪潮信息,5,5,2026-05-11,60.0,0.0,40.0,60.0,数据不足,2.24,0.67,2026.0,29.1,78.19,3,-0.65,-0.8,0,0
000975.SZ,山金国际,5,5,2026-05-12,100.0,0.0,0.0,100.0,数据不足,2.02,0.1,2026.0,13.5,36.7,1,,,0,0
000938.SZ,紫光股份,5,5,2026-05-05,80.0,0.0,20.0,80.0,数据不足,0.84,0.04,2026.0,38.3,34.44,2,-1.33,-3.8,0,0
000733.SZ,振华科技,5,0,2025-04-30,80.0,0.0,20.0,,数据不足,2.32,0.3,2025.0,23.5,71.65,3,16.82,27.4,0,0
000895.SZ,双汇发展,5,5,2026-05-06,80.0,0.0,20.0,80.0,数据不足,1.56,0.01,2026.0,18.0,32.33,3,-2.0,-6.2,0,0
000877.SZ,天山股份,5,0,2025-04-07,100.0,0.0,0.0,,数据不足,0.22,0.13,2025.0,70.5,8.74,2,0.37,4.3,0,0
000876.SZ,新希望,5,2,2026-05-08,60.0,0.0,40.0,50.0,降级,0.14,0.06,2025.0,78.3,10.15,4,-2.47,-21.9,0,1
000860.SZ,顺鑫农业,5,0,2025-05-14,100.0,0.0,0.0,,数据不足,0.3,0.06,2025.0,55.9,19.1,4,-4.62,-21.4,0,0
000858.SZ,五粮液,5,5,2026-05-10,100.0,0.0,0.0,100.0,数据不足,4.41,0.61,2026.0,21.4,101.5,1,,,0,0
000807.SZ,云铝股份,5,5,2026-05-08,100.0,0.0,0.0,100.0,数据不足,3.91,0.23,2026.0,8.3,39.7,1,,,0,0
000800.SZ,一汽解放,5,2,2026-05-08,60.0,0.0,40.0,50.0,降级,0.26,0.09,2026.0,29.4,9.16,5,-1.01,-10.5,0,1
000792.SZ,盐湖股份,5,2,2026-05-15,100.0,0.0,0.0,100.0,稳定,2.39,0.34,2026.0,16.0,45.0,1,,,0,0
000786.SZ,北新建材,5,5,2026-05-15,100.0,0.0,0.0,100.0,数据不足,1.83,0.46,2026.0,13.2,34.0,1,,,0,0
000776.SZ,广发证券,5,5,2026-05-08,80.0,0.0,20.0,80.0,数据不足,2.17,0.21,2026.0,9.4,26.16,2,-3.68,-13.1,0,0
000768.SZ,中航西飞,5,2,2026-05-08,100.0,0.0,0.0,100.0,稳定,0.45,0.01,2026.0,54.3,29.64,1,,,0,0
002773.SZ,康弘药业,5,0,2025-05-03,80.0,0.0,20.0,,数据不足,1.38,0.07,2024.0,15.2,,0,,,0,0
688981.SH,中芯国际,5,0,2026-04-12,80.0,0.0,20.0,,数据不足,0.67,0.1,2025.0,171.2,160.0,2,-20.0,-11.8,0,0
002812.SZ,恩捷股份,5,5,2026-05-07,100.0,0.0,0.0,100.0,数据不足,2.27,0.11,2026.0,34.8,,0,,,0,0
600018.SH,上港集团,5,0,2026-04-02,80.0,0.0,20.0,,数据不足,0.64,0.03,2025.0,8.8,6.75,5,-0.43,-6.2,1,1
600015.SH,华夏银行,5,2,2026-04-30,60.0,0.0,40.0,50.0,降级,1.75,0.11,2026.0,4.4,8.52,2,-1.16,-12.7,0,0
600011.SH,华能国际,5,5,2026-05-14,100.0,0.0,0.0,100.0,数据不足,0.81,0.03,2026.0,9.4,9.35,2,0.5,5.5,0,0
600010.SH,包钢股份,5,1,2026-04-29,100.0,0.0,0.0,100.0,数据不足,0.03,0.03,2025.0,123.2,3.22,4,0.0,0.0,0,0
600009.SH,上海机场,5,5,2026-05-05,80.0,0.0,20.0,80.0,数据不足,1.05,0.09,2026.0,26.0,32.37,3,3.8,12.3,0,0
600004.SH,白云机场,5,0,2025-05-13,80.0,0.0,20.0,,数据不足,0.45,0.07,2024.0,20.8,10.93,3,0.4,3.7,0,0
600000.SH,浦发银行,5,5,2026-05-04,80.0,0.0,20.0,80.0,数据不足,1.58,0.06,2026.0,6.1,12.76,2,2.87,25.4,0,0
302132.SZ,中航成飞,5,2,2026-05-05,100.0,0.0,0.0,100.0,稳定,1.4,0.04,2025.0,52.8,,0,,,0,0
301269.SZ,华大九天,5,2,2026-05-10,60.0,0.0,40.0,100.0,升级,0.2,0.11,2025.0,611.6,120.6,2,-8.8,-7.0,0,0
301236.SZ,软通动力,5,3,2026-05-12,100.0,0.0,0.0,100.0,稳定,0.29,0.07,2026.0,157.9,52.22,3,3.84,8.4,0,1
300999.SZ,金龙鱼,5,0,2026-04-21,80.0,0.0,20.0,,数据不足,0.71,0.13,2026.0,42.5,33.6,2,3.2,10.0,0,0
300979.SZ,华利集团,5,5,2026-05-13,100.0,0.0,0.0,100.0,数据不足,2.57,0.05,2026.0,14.8,44.03,1,,,0,0
300957.SZ,贝泰妮,5,0,2025-05-08,100.0,0.0,0.0,,数据不足,1.5,0.07,2025.0,27.4,47.1,3,5.58,12.7,0,0
300919.SZ,中伟股份,5,0,2025-05-08,80.0,0.0,20.0,,数据不足,2.05,0.04,2025.0,15.5,40.89,3,-4.67,-10.6,0,0
300896.SZ,爱美客,5,5,2026-05-10,80.0,0.0,20.0,80.0,数据不足,4.65,0.14,2026.0,25.3,123.0,1,,,0,0
300888.SZ,稳健医疗,5,0,2025-05-13,100.0,0.0,0.0,,数据不足,1.78,0.05,2025.0,29.1,63.47,2,-3.06,-4.7,0,0
300866.SZ,安克创新,5,5,2026-05-13,80.0,0.0,20.0,80.0,数据不足,6.07,0.15,2026.0,20.7,160.0,1,,,0,0
300832.SZ,新产业,5,5,2026-05-12,80.0,0.0,20.0,80.0,数据不足,2.36,0.03,2026.0,20.4,65.0,1,,,0,0
300782.SZ,卓胜微,5,5,2026-05-05,0.0,20.0,80.0,0.0,数据不足,0.51,0.34,2026.0,573.8,82.25,4,-4.0,-4.4,0,0
300769.SZ,德方纳米,5,0,2025-05-08,60.0,0.0,40.0,,数据不足,1.79,1.47,2025.0,27.0,25.0,1,,,0,0
300763.SZ,锦浪科技,5,0,2025-05-07,80.0,0.0,20.0,,数据不足,2.7,0.22,2025.0,19.6,62.32,3,12.24,21.6,0,0
300760.SZ,迈瑞医疗,5,5,2026-05-13,100.0,0.0,0.0,100.0,数据不足,7.07,0.18,2026.0,24.0,200.67,3,-3.0,-1.4,0,0
300759.SZ,康龙化成,5,5,2026-05-15,80.0,0.0,20.0,80.0,数据不足,1.12,0.01,2026.0,24.6,38.91,3,-2.92,-7.2,0,0
300751.SZ,迈为股份,5,0,2025-05-08,100.0,0.0,0.0,,数据不足,3.37,0.46,2025.0,26.8,87.75,2,-9.5,-10.3,0,0
600016.SH,民生银行,5,2,2026-05-03,80.0,0.0,20.0,50.0,降级,0.7,0.02,2026.0,5.6,4.96,2,0.49,10.4,0,0
600019.SH,宝钢股份,5,2,2026-04-30,80.0,0.0,20.0,100.0,升级,0.49,0.05,2025.0,14.0,7.88,2,0.53,7.0,0,0
300677.SZ,英科医疗,5,0,2025-04-28,100.0,0.0,0.0,,数据不足,2.1,0.23,2024.0,12.3,,0,,,0,0
600023.SH,浙能电力,5,5,2026-05-14,100.0,0.0,0.0,100.0,数据不足,0.43,0.02,2026.0,13.6,6.8,3,-0.52,-7.3,0,0
600143.SH,金发科技,5,0,2025-05-07,100.0,0.0,0.0,,数据不足,0.54,0.01,2025.0,20.2,13.5,1,,,0,0
600132.SH,重庆啤酒,5,0,2025-05-12,100.0,0.0,0.0,,数据不足,2.62,0.03,2025.0,21.8,,0,,,0,0
600115.SH,中国东航,5,3,2026-05-07,60.0,0.0,40.0,66.7,升级,0.07,0.02,2026.0,81.6,5.98,4,0.1,1.7,0,0
600111.SH,北方稀土,5,4,2026-05-06,100.0,0.0,0.0,100.0,数据不足,1.2,0.07,2026.0,42.0,62.06,4,2.37,3.7,1,0
600109.SH,国金证券,5,0,2025-04-28,100.0,0.0,0.0,,数据不足,0.52,0.04,2025.0,15.4,9.42,1,,,0,0
600104.SH,上汽集团,5,5,2026-05-06,100.0,0.0,0.0,100.0,数据不足,0.99,0.02,2026.0,13.8,20.46,2,-1.33,-6.3,0,0
600089.SH,特变电工,5,5,2026-05-14,100.0,0.0,0.0,100.0,数据不足,1.49,0.09,2026.0,18.3,33.11,2,-0.23,-0.7,0,0
600085.SH,同仁堂,5,2,2026-05-15,80.0,0.0,20.0,100.0,升级,0.97,0.05,2026.0,28.8,39.08,3,-12.84,-28.2,0,0
600079.SH,人福医药,5,0,2025-05-14,100.0,0.0,0.0,,数据不足,1.37,0.07,2025.0,15.1,,0,,,0,0
600066.SH,宇通客车,5,5,2026-05-13,80.0,0.0,20.0,80.0,数据不足,2.77,0.05,2026.0,12.9,45.78,2,1.17,2.6,0,0
600061.SH,国投资本,5,0,2025-12-16,40.0,0.0,60.0,,数据不足,0.45,0.15,2024.0,15.4,9.07,4,-1.27,-13.0,0,1
600050.SH,中国联通,5,5,2026-04-29,100.0,0.0,0.0,100.0,数据不足,0.26,0.03,2026.0,17.4,6.35,1,,,0,0
600048.SH,保利发展,5,5,2026-05-12,100.0,0.0,0.0,100.0,数据不足,0.12,0.04,2026.0,55.7,8.1,2,0.2,2.5,0,0
600039.SH,四川路桥,5,5,2026-05-12,100.0,0.0,0.0,100.0,数据不足,0.88,0.01,2026.0,9.8,11.26,2,-1.35,-11.3,0,0
600038.SH,中直股份,5,0,2025-05-12,100.0,0.0,0.0,,数据不足,0.82,0.04,2025.0,44.4,40.0,1,,,0,0
600036.SH,招商银行,5,5,2026-05-10,100.0,0.0,0.0,100.0,数据不足,6.13,0.1,2026.0,6.4,,0,,,0,0
600031.SH,三一重工,5,5,2026-05-14,100.0,0.0,0.0,100.0,数据不足,1.19,0.02,2026.0,17.4,25.94,3,1.7,7.2,0,0
600030.SH,中信证券,5,5,2026-05-14,100.0,0.0,0.0,100.0,数据不足,2.36,0.08,2026.0,11.2,,0,,,0,0
600029.SH,南方航空,5,2,2026-04-30,100.0,0.0,0.0,100.0,稳定,0.08,0.08,2026.0,157.8,7.1,1,,,0,0
600028.SH,中国石化,5,5,2026-05-12,100.0,0.0,0.0,100.0,数据不足,0.36,0.04,2026.0,15.1,,0,,,0,0
600027.SH,华电国际,5,5,2026-05-14,100.0,0.0,0.0,100.0,数据不足,0.48,0.03,2026.0,10.8,6.44,2,-0.89,-12.9,0,0
600026.SH,中远海能,5,5,2026-05-08,100.0,0.0,0.0,100.0,数据不足,2.1,0.17,2026.0,10.3,32.2,1,,,0,0
600025.SH,华能水电,5,5,2026-05-14,100.0,0.0,0.0,100.0,数据不足,0.48,0.01,2026.0,20.0,11.79,3,0.73,6.5,0,0
300750.SZ,宁德时代,5,5,2026-05-15,100.0,0.0,0.0,100.0,数据不足,20.91,1.08,2026.0,20.9,581.31,3,-16.06,-2.7,0,0
300803.SZ,指南针,5,4,2026-05-13,100.0,0.0,0.0,100.0,数据不足,0.55,0.08,2026.0,181.3,,0,,,0,0
300003.SZ,乐普医疗,5,0,2025-04-30,80.0,0.0,20.0,,数据不足,0.51,0.14,2025.0,23.6,13.71,2,-2.58,-17.2,0,0
300347.SZ,泰格医药,5,1,2026-05-05,100.0,0.0,0.0,100.0,数据不足,1.27,0.08,2026.0,45.9,75.0,1,,,0,0
300418.SZ,昆仑万维,5,5,2026-05-11,80.0,0.0,20.0,80.0,数据不足,0.48,0.4,2026.0,1666.5,68.96,1,,,0,0
300413.SZ,芒果超媒,5,5,2026-05-11,60.0,0.0,40.0,60.0,数据不足,0.72,0.07,2026.0,27.7,21.52,2,-1.04,-4.7,0,0
300408.SZ,三环集团,5,5,2026-05-11,80.0,0.0,20.0,80.0,数据不足,1.83,0.05,2026.0,45.5,101.4,2,13.2,13.9,0,0
003816.SZ,中国广核,5,3,2026-05-07,60.0,0.0,40.0,66.7,升级,0.21,0.01,2026.0,22.4,5.35,2,-0.06,-1.1,0,0
002920.SZ,德赛西威,5,5,2026-05-07,100.0,0.0,0.0,100.0,数据不足,4.74,0.22,2026.0,21.8,125.38,1,,,0,0
300394.SZ,天孚通信,5,5,2026-05-13,100.0,0.0,0.0,100.0,数据不足,3.47,1.26,2026.0,79.7,391.5,2,89.0,25.6,0,0
002938.SZ,鹏鼎控股,5,3,2026-05-10,100.0,0.0,0.0,100.0,稳定,2.28,0.07,2026.0,30.0,79.16,2,6.31,8.3,0,0
300122.SZ,智飞生物,5,2,2026-05-11,60.0,0.0,40.0,50.0,降级,1.29,2.06,2025.0,36.4,23.67,3,-3.0,-13.0,0,1
300316.SZ,晶盛机电,5,3,2026-04-29,80.0,0.0,20.0,66.7,降级,0.72,0.04,2026.0,60.4,51.42,3,-5.26,-10.1,0,0
300450.SZ,先导智能,5,5,2026-05-14,80.0,20.0,0.0,80.0,数据不足,1.53,0.08,2026.0,36.4,54.5,2,-37.0,-50.7,0,0
300661.SZ,圣邦股份,5,4,2026-05-12,80.0,0.0,20.0,75.0,数据不足,1.34,0.04,2026.0,67.8,,0,,,0,0
300308.SZ,中际旭创,5,5,2026-04-29,100.0,0.0,0.0,100.0,数据不足,26.52,2.26,2026.0,32.9,,0,,,0,0
300124.SZ,汇川技术,5,5,2026-05-13,100.0,0.0,0.0,100.0,数据不足,1.98,0.52,2026.0,32.9,88.57,3,4.5,5.2,0,0
300274.SZ,阳光电源,5,5,2026-05-07,100.0,0.0,0.0,100.0,数据不足,7.16,0.17,2026.0,18.9,,0,,,0,0
300251.SZ,光线传媒,5,5,2026-05-12,80.0,0.0,20.0,80.0,数据不足,0.31,0.04,2026.0,51.7,18.7,2,2.61,15.0,0,0
300223.SZ,北京君正,5,0,2025-05-11,80.0,0.0,20.0,,数据不足,1.04,0.05,2025.0,64.3,70.0,1,,,0,0
300207.SZ,欣旺达,5,0,2025-04-30,100.0,0.0,0.0,,数据不足,1.21,0.06,2025.0,15.7,26.66,3,-1.2,-4.1,0,0
300144.SZ,宋城演艺,5,0,2025-05-13,100.0,0.0,0.0,,数据不足,0.45,0.01,2025.0,20.9,10.86,1,,,0,0
300433.SZ,蓝思科技,5,2,2026-05-13,80.0,0.0,20.0,100.0,升级,0.95,0.05,2026.0,29.6,35.0,1,,,0,0
300442.SZ,润泽科技,5,3,2026-05-13,100.0,0.0,0.0,100.0,稳定,2.2,0.64,2026.0,44.3,130.76,2,-39.51,-26.3,0,0
300502.SZ,新易盛,5,5,2026-05-10,100.0,0.0,0.0,100.0,数据不足,18.42,1.65,2026.0,29.1,681.2,2,-78.4,-10.9,0,0
300454.SZ,深信服,5,0,2025-05-11,80.0,0.0,20.0,,数据不足,0.88,0.14,2025.0,109.7,148.57,2,-32.85,-19.9,0,0
300628.SZ,亿联网络,5,4,2026-05-04,60.0,0.0,40.0,75.0,数据不足,2.31,0.12,2026.0,15.7,45.2,4,-4.85,-10.2,0,0
300601.SZ,康泰生物,5,0,2025-04-28,100.0,0.0,0.0,,数据不足,0.25,0.09,2025.0,65.2,15.91,2,-0.72,-4.4,0,0
300595.SZ,欧普康视,5,0,2025-04-09,60.0,0.0,40.0,,数据不足,0.78,0.08,2025.0,19.6,17.6,1,,,0,0
002821.SZ,凯莱英,5,0,2025-04-29,80.0,0.0,20.0,,数据不足,3.07,0.1,2025.0,24.9,99.58,2,4.84,5.0,0,0
300558.SZ,贝达药业,5,0,2025-05-07,80.0,0.0,20.0,,数据不足,1.66,0.13,2025.0,30.7,60.0,1,,,0,0
300529.SZ,健帆生物,5,0,2025-05-08,80.0,0.0,20.0,,数据不足,1.19,0.03,2025.0,18.7,29.0,1,,,0,0
300014.SZ,亿纬锂能,5,5,2026-05-14,80.0,0.0,20.0,80.0,数据不足,3.31,0.15,2026.0,21.5,89.78,2,-9.93,-10.5,0,0
300015.SZ,爱尔眼科,5,5,2026-05-14,80.0,0.0,20.0,80.0,数据不足,0.37,0.07,2026.0,26.8,15.0,2,0.0,0.0,0,0
300136.SZ,信维通信,5,0,2025-05-06,80.0,0.0,20.0,,数据不足,0.73,0.03,2024.0,33.5,27.0,1,,,0,0
300498.SZ,温氏股份,5,5,2026-04-30,100.0,0.0,0.0,100.0,数据不足,0.22,0.19,2026.0,98.6,20.6,2,-1.2,-5.7,0,0
300017.SZ,网宿科技,5,0,2025-05-09,100.0,0.0,0.0,,数据不足,0.3,0.01,2025.0,38.1,13.11,1,,,0,0
300033.SZ,同花顺,5,5,2026-04-27,100.0,0.0,0.0,100.0,数据不足,5.52,0.58,2026.0,40.7,335.9,2,-43.62,-12.2,0,0
002841.SZ,视源股份,5,0,2025-05-12,100.0,0.0,0.0,,数据不足,1.7,0.13,2025.0,19.8,40.84,3,-0.2,-0.5,0,0
300496.SZ,中科创达,5,0,2025-05-12,80.0,0.0,20.0,,数据不足,1.2,0.12,2025.0,46.1,93.66,1,,,0,0
002916.SZ,深南电路,5,5,2026-05-14,80.0,0.0,20.0,80.0,数据不足,7.62,0.77,2026.0,41.0,330.0,2,20.0,6.2,0,0
300476.SZ,胜宏科技,5,5,2026-05-13,100.0,0.0,0.0,100.0,数据不足,8.83,0.26,2026.0,38.4,436.0,2,-38.0,-8.4,0,0
300059.SZ,东方财富,5,5,2026-05-12,80.0,0.0,20.0,80.0,数据不足,0.93,0.05,2026.0,21.8,27.38,2,-5.23,-17.4,0,0
002602.SZ,世纪华通,4,0,2024-09-05,0.0,0.0,100.0,,数据不足,0.34,0.02,2024.0,13.2,5.7,2,-0.51,-8.6,0,1
300070.SZ,碧水源,4,0,2025-04-11,75.0,0.0,25.0,,数据不足,0.2,0.09,2023.0,32.9,5.95,2,-0.9,-14.1,0,1
000709.SZ,河钢股份,4,0,2025-05-11,50.0,0.0,50.0,,数据不足,0.1,0.05,2024.0,16.3,2.98,3,0.18,6.0,0,0
300676.SZ,华大基因,4,0,2025-04-27,75.0,0.0,25.0,,数据不足,0.23,0.12,2023.0,434.9,52.19,1,,,0,0
000783.SZ,长江证券,4,0,2024-10-11,100.0,0.0,0.0,,数据不足,0.26,0.02,2024.0,22.9,,0,,,0,0
002414.SZ,高德红外,4,0,2024-10-31,100.0,0.0,0.0,,数据不足,0.05,0.02,2023.0,185.1,,0,,,0,0
600663.SH,陆家嘴,4,0,2025-05-08,100.0,0.0,0.0,,数据不足,0.29,0.05,2024.0,31.0,10.0,1,,,0,0
600221.SH,海航控股,3,0,2025-05-04,66.7,0.0,33.3,,数据不足,0.03,0.02,2023.0,87.1,1.6,1,,,0,0
000898.SZ,鞍钢股份,3,0,2025-05-07,33.3,0.0,66.7,,数据不足,0.04,0.06,2024.0,276.0,2.87,3,0.0,0.0,0,0
603185.SH,弘元绿能,3,0,2024-08-31,100.0,0.0,0.0,,数据不足,1.17,1.38,2024.0,59.7,20.32,2,-10.65,-41.5,0,1
600637.SH,东方明珠,3,0,2024-10-31,0.0,0.0,100.0,,数据不足,0.21,0.01,2024.0,33.6,6.53,3,0.7,11.1,1,0
601997.SH,贵阳银行,3,0,2025-04-29,0.0,0.0,100.0,,数据不足,1.41,0.09,2024.0,4.1,6.53,3,0.3,4.5,1,0
600118.SH,中国卫星,3,0,2025-05-13,66.7,0.0,33.3,,数据不足,0.12,0.06,2024.0,294.1,,0,,,0,0
601162.SH,天风证券,3,0,2025-05-11,0.0,0.0,100.0,,数据不足,0.01,0.01,2025.0,282.2,,0,,,0,0
601727.SH,上海电气,3,0,2025-04-30,100.0,0.0,0.0,,数据不足,0.06,0.03,2024.0,87.7,,0,,,0,0
002939.SZ,长城证券,2,0,2025-04-29,100.0,0.0,0.0,,数据不足,0.4,0.04,2024.0,20.6,,0,,,0,0
002456.SZ,欧菲光,2,0,2025-04-27,100.0,0.0,0.0,,数据不足,0.05,0.03,2024.0,265.4,,0,,,0,0
600516.SH,方大炭素,2,0,2024-12-31,100.0,0.0,0.0,,数据不足,0.1,0.03,2024.0,51.5,,0,,,0,0
603392.SH,万泰生物,2,0,2024-09-01,50.0,0.0,50.0,,数据不足,0.44,0.01,2024.0,155.5,73.64,1,,,0,0
002024.SZ,ST易购,2,0,2025-02-05,0.0,0.0,100.0,,数据不足,,,,,,0,,,0,0
600705.SH,中航产融,2,0,2024-11-03,100.0,0.0,0.0,,数据不足,0.12,0.03,2024.0,32.7,5.16,1,,,0,0
601236.SH,红塔证券,2,0,2025-11-03,50.0,0.0,50.0,,数据不足,0.25,0.01,2025.0,32.6,,0,,,0,0
600297.SH,广汇汽车,1,0,2024-06-04,100.0,0.0,0.0,,数据不足,0.07,,2024.0,19.0,1.46,1,,,0,0
601059.SH,信达证券,1,0,2024-09-02,100.0,0.0,0.0,,数据不足,0.38,,2024.0,32.4,,0,,,0,0
600390.SH,五矿资本,1,0,2025-05-13,0.0,0.0,100.0,,数据不足,0.23,,2025.0,26.4,5.7,1,,,0,0
601136.SH,首创证券,1,0,2024-04-17,100.0,0.0,0.0,,数据不足,0.34,,2024.0,58.0,,0,,,0,0
001391.SZ,国货航,1,0,2025-12-31,100.0,0.0,0.0,,数据不足,0.21,,2025.0,28.2,,0,,,0,0
600606.SH,绿地控股,1,0,2024-04-30,0.0,0.0,100.0,,数据不足,0.04,,2024.0,48.3,2.02,1,,,0,0
601216.SH,君正集团,1,0,2025-05-05,100.0,0.0,0.0,,数据不足,0.4,,2025.0,13.6,,0,,,0,0
