日期,股票代码,开盘,收盘,最高,最低,成交量,成交额,振幅,涨跌幅,涨跌额,换手率
2021-01-04,002345,29.75,29.63,30.05,29.27,99249,39798186.0,2.6,-1.4,-0.42,1.12
2021-01-05,002345,29.33,29.03,29.39,28.91,99955,39391517.0,1.62,-2.02,-0.6,1.13
2021-01-06,002345,28.91,28.61,29.03,28.19,80508,30947078.0,2.89,-1.45,-0.42,0.91
2021-01-07,002345,28.31,27.53,28.55,27.29,95669,35493621.0,4.4,-3.77,-1.08,1.08
2021-01-08,002345,27.53,28.19,28.79,27.23,106320,40284080.0,5.67,2.4,0.66,1.2
2021-01-11,002345,28.19,28.01,28.31,27.35,65654,24400305.0,3.41,-0.64,-0.18,0.74
2021-01-12,002345,28.19,27.95,28.19,27.23,67183,24747210.0,3.43,-0.21,-0.06,0.76
2021-01-13,002345,27.65,27.89,28.43,27.11,81978,30499008.0,4.72,-0.21,-0.06,0.93
2021-01-14,002345,27.83,28.01,28.25,27.47,54768,20468001.0,2.8,0.43,0.12,0.62
2021-01-15,002345,28.07,28.19,28.31,27.77,52370,19725466.0,1.93,0.64,0.18,0.59
2021-01-18,002345,28.19,28.67,29.03,28.07,57311,22192769.0,3.41,1.7,0.48,0.65
2021-01-19,002345,28.73,29.51,30.23,28.67,119373,47958564.0,5.44,2.93,0.84,1.35
2021-01-20,002345,29.57,29.39,29.75,29.27,57169,22870392.0,1.63,-0.41,-0.12,0.65
2021-01-21,002345,29.51,28.85,29.51,28.79,62977,24799843.0,2.45,-1.84,-0.54,0.71
2021-01-22,002345,28.85,28.79,29.33,28.67,45084,17657116.0,2.29,-0.21,-0.06,0.51
2021-01-25,002345,28.79,28.19,28.79,27.59,74970,28309076.0,4.17,-2.08,-0.6,0.85
2021-01-26,002345,28.01,28.49,28.55,27.77,55086,20869169.0,2.77,1.06,0.3,0.62
2021-01-27,002345,28.37,28.07,28.67,27.89,42686,16169228.0,2.74,-1.47,-0.42,0.48
2021-01-28,002345,28.25,27.71,28.25,27.65,45239,16942521.0,2.14,-1.28,-0.36,0.51
2021-01-29,002345,27.95,27.47,27.95,27.47,34964,12929475.0,1.73,-0.87,-0.24,0.4
2021-02-01,002345,27.53,27.47,27.83,27.23,44359,16348601.0,2.18,0.0,0.0,0.5
2021-02-02,002345,27.47,28.73,28.73,27.11,77787,29190989.0,5.9,4.59,1.26,0.88
2021-02-03,002345,28.37,28.49,29.09,28.25,70557,27301319.0,2.92,-0.84,-0.24,0.8
2021-02-04,002345,28.49,27.89,28.97,27.77,58494,22193373.0,4.21,-2.11,-0.6,0.66
2021-02-05,002345,27.77,27.29,28.01,27.29,63036,23223879.0,2.58,-2.15,-0.6,0.71
2021-02-08,002345,27.59,26.99,27.59,26.63,78262,28051645.0,3.52,-1.1,-0.3,0.88
2021-02-09,002345,26.87,27.35,27.71,26.69,59777,21649451.0,3.78,1.33,0.36,0.68
2021-02-10,002345,27.53,28.97,29.21,27.53,137675,53076727.0,6.14,5.92,1.62,1.56
2021-02-18,002345,29.39,28.91,29.51,28.61,95479,37509034.0,3.11,-0.21,-0.06,1.08
2021-02-19,002345,28.91,29.27,29.39,28.85,66565,26361382.0,1.87,1.25,0.36,0.75
2021-02-22,002345,29.33,30.77,31.13,29.33,185179,77898488.0,6.15,5.12,1.5,2.09
2021-02-23,002345,30.77,30.77,31.25,30.29,84843,35664076.0,3.12,0.0,0.0,0.96
2021-02-24,002345,30.83,31.31,32.09,30.59,122725,52829392.0,4.87,1.75,0.54,1.39
2021-02-25,002345,31.43,31.25,31.55,30.65,87222,37269990.0,2.87,-0.19,-0.06,0.99
2021-02-26,002345,31.07,32.09,32.09,30.83,146751,64318908.0,4.03,2.69,0.84,1.66
2021-03-01,002345,32.09,31.37,32.21,31.01,118994,51676124.0,3.74,-2.24,-0.72,1.34
2021-03-02,002345,31.31,31.07,31.85,30.89,73330,31571933.0,3.06,-0.96,-0.3,0.83
2021-03-03,002345,31.01,31.25,31.37,30.71,67130,28692318.0,2.12,0.58,0.18,0.76
2021-03-04,002345,31.25,31.13,31.73,30.89,65843,28317314.0,2.69,-0.38,-0.12,0.74
2021-03-05,002345,31.13,31.31,31.49,30.65,52194,22421466.0,2.7,0.58,0.18,0.59
2021-03-08,002345,31.31,31.73,32.45,31.31,129717,57159868.0,3.64,1.34,0.42,1.47
2021-03-09,002345,31.73,31.07,32.09,30.83,91888,39788160.0,3.97,-2.08,-0.66,1.04
2021-03-10,002345,31.31,31.43,31.67,30.83,70061,30131270.0,2.7,1.16,0.36,0.79
2021-03-11,002345,31.37,31.73,31.73,31.25,60652,26385512.0,1.53,0.95,0.3,0.69
2021-03-12,002345,31.67,32.81,33.71,31.43,130411,59253958.0,7.19,3.4,1.08,1.47
2021-03-15,002345,32.33,32.75,33.17,32.21,77478,35295463.0,2.93,-0.18,-0.06,0.88
2021-03-16,002345,32.81,33.47,33.77,32.75,121473,56429778.0,3.11,2.2,0.72,1.37
2021-03-17,002345,33.53,33.41,34.07,33.23,78129,36507266.0,2.51,-0.18,-0.06,0.88
2021-03-18,002345,33.17,33.35,33.65,33.11,53069,24668566.0,1.62,-0.18,-0.06,0.6
2021-03-19,002345,33.23,33.47,33.59,33.05,59019,27351636.0,1.62,0.36,0.12,0.67
2021-03-22,002345,33.17,33.95,34.01,33.11,88779,41754123.0,2.69,1.43,0.48,1.0
2021-03-23,002345,33.89,33.41,33.89,32.87,89412,41471061.0,3.0,-1.59,-0.54,1.01
2021-03-24,002345,33.65,33.23,34.07,32.87,86119,40317551.0,3.59,-0.54,-0.18,0.97
2021-03-25,002345,33.23,33.53,34.07,33.17,72053,33778810.0,2.71,0.9,0.3,0.81
2021-03-26,002345,33.53,35.57,36.23,33.53,323817,161457750.0,8.05,6.08,2.04,3.66
2021-03-29,002345,35.87,36.29,36.89,35.75,195737,100913010.0,3.2,2.02,0.72,2.21
2021-03-30,002345,36.83,35.39,37.19,34.01,238196,117926419.0,8.76,-2.48,-0.9,2.69
2021-03-31,002345,34.85,34.55,35.21,34.49,107033,52391674.0,2.03,-2.37,-0.84,1.21
2021-04-01,002345,34.79,33.77,34.97,33.53,157968,75589061.0,4.17,-2.26,-0.78,1.79
2021-04-02,002345,34.13,32.69,34.19,32.21,185768,84477436.0,5.86,-3.2,-1.08,2.1
2021-04-06,002345,32.75,33.71,34.91,32.75,218584,103817604.0,6.61,3.12,1.02,2.47
2021-04-07,002345,33.71,33.47,34.67,33.41,163874,77577109.0,3.74,-0.71,-0.24,1.85
2021-04-08,002345,33.59,33.29,33.77,33.17,83664,39007874.0,1.79,-0.54,-0.18,0.95
2021-04-09,002345,33.41,33.35,33.77,32.69,84193,39080647.0,3.24,0.18,0.06,0.95
2021-04-12,002345,33.41,32.63,33.59,32.51,70660,32260964.0,3.24,-2.16,-0.72,0.8
2021-04-13,002345,32.39,32.15,32.63,31.79,105838,47139456.0,2.57,-1.47,-0.48,1.2
2021-04-14,002345,32.21,32.09,32.81,31.85,114996,51406734.0,2.99,-0.19,-0.06,1.3
2021-04-15,002345,31.97,31.97,32.27,31.55,66751,29376886.0,2.24,-0.37,-0.12,0.75
2021-04-16,002345,32.15,32.51,32.99,32.15,114348,51750860.0,2.63,1.69,0.54,1.29
2021-04-19,002345,32.45,32.21,32.69,32.21,95612,43038320.0,1.48,-0.92,-0.3,1.08
2021-04-20,002345,32.27,32.09,32.75,31.91,110343,49201951.0,2.61,-0.37,-0.12,1.25
2021-04-21,002345,32.03,33.11,34.01,31.37,266953,120902250.0,8.23,3.18,1.02,3.02
2021-04-22,002345,35.87,35.87,35.87,35.57,280051,141969203.0,0.91,8.34,2.76,3.17
2021-04-23,002345,35.87,33.53,35.93,32.81,633546,300719232.0,8.7,-6.52,-2.34,7.16
2021-04-26,002345,32.45,32.21,33.71,32.15,304207,138461859.0,4.65,-3.94,-1.32,3.44
2021-04-27,002345,31.97,32.39,32.87,31.31,216849,96041570.0,4.84,0.56,0.18,2.45
2021-04-28,002345,32.03,34.01,34.19,31.79,345826,161862458.0,7.41,5.0,1.62,3.91
2021-04-29,002345,33.47,34.19,34.67,33.23,284279,135772556.0,4.23,0.53,0.18,3.21
2021-04-30,002345,34.61,35.03,35.99,33.47,398650,195740975.0,7.37,2.46,0.84,4.51
2021-05-06,002345,35.93,37.97,37.97,35.51,806834,431584608.0,7.02,8.39,2.94,9.12
2021-05-07,002345,37.97,36.53,39.11,36.35,910325,487409520.0,7.27,-3.79,-1.44,10.29
2021-05-10,002345,36.71,37.01,37.55,36.47,525725,275946560.0,2.96,1.31,0.48,5.94
2021-05-11,002345,36.35,38.15,38.75,35.75,546526,289202288.0,8.11,3.08,1.14,6.18
2021-05-12,002345,37.31,39.65,40.73,37.19,577026,323392960.0,9.28,3.93,1.5,6.52
2021-05-13,002345,39.05,39.89,41.99,38.93,712595,416564992.0,7.72,0.61,0.24,8.05
2021-05-14,002345,39.95,38.63,40.43,38.39,479102,267590951.0,5.11,-3.16,-1.26,5.42
2021-05-17,002345,37.85,38.27,39.17,37.55,355586,194631919.0,4.19,-0.93,-0.36,4.02
2021-05-18,002345,38.63,39.65,40.13,38.09,463663,261369157.0,5.33,3.61,1.38,5.24
2021-05-19,002345,39.71,38.69,40.91,38.57,414630,234863645.0,5.9,-2.42,-0.96,4.69
2021-05-20,002345,38.63,37.85,38.69,37.31,360652,195048927.0,3.57,-2.17,-0.84,4.08
2021-05-21,002345,37.61,37.67,38.09,37.43,190549,102425937.0,1.74,-0.48,-0.18,2.15
2021-05-24,002345,37.43,37.31,37.91,36.89,206947,109948567.0,2.71,-0.96,-0.36,2.34
2021-05-25,002345,37.37,37.43,37.73,36.41,257957,135748834.0,3.54,0.32,0.12,2.92
2021-05-26,002345,37.43,38.09,39.35,37.01,355758,194548071.0,6.25,1.76,0.66,4.02
2021-05-27,002345,38.45,37.79,38.45,37.25,215614,115803134.0,3.15,-0.79,-0.3,2.44
2021-05-28,002345,37.67,39.47,40.55,37.55,515344,290316640.0,7.94,4.45,1.68,5.82
2021-05-31,002345,39.41,39.83,40.19,38.99,367916,209563800.0,3.04,0.91,0.36,4.16
2021-06-01,002345,39.83,39.53,39.95,38.09,349684,195704058.0,4.67,-0.75,-0.3,3.95
2021-06-02,002345,39.41,38.09,39.41,37.73,305063,166590619.0,4.25,-3.64,-1.44,3.45
2021-06-03,002345,37.55,37.79,38.39,37.31,175021,91368066.0,2.84,-0.79,-0.3,1.98
2021-06-04,002345,37.73,37.01,37.97,36.77,200590,102328593.0,3.18,-2.06,-0.78,2.27
2021-06-07,002345,37.07,37.19,37.31,36.23,241721,121084603.0,2.92,0.49,0.18,2.73
2021-06-08,002345,37.19,36.23,37.25,36.05,179940,89540638.0,3.23,-2.58,-0.96,2.03
2021-06-09,002345,36.11,36.35,36.95,36.11,148892,74195017.0,2.32,0.33,0.12,1.68
2021-06-10,002345,36.47,36.95,37.19,36.23,174407,87231296.0,2.64,1.65,0.6,1.97
2021-06-11,002345,36.95,36.65,37.19,36.47,131494,66181189.0,1.95,-0.81,-0.3,1.49
2021-06-15,002345,36.71,36.41,37.01,35.87,178370,88235373.0,3.11,-0.65,-0.24,2.02
2021-06-16,002345,36.29,35.57,36.29,35.15,156857,75733311.0,3.13,-2.31,-0.84,1.77
2021-06-17,002345,35.57,35.63,35.93,35.33,90120,43532101.0,1.69,0.17,0.06,1.02
2021-06-18,002345,35.63,35.39,35.87,34.97,131631,62883143.0,2.53,-0.67,-0.24,1.49
2021-06-21,002345,35.33,36.05,36.11,35.09,115820,56029335.0,2.88,1.86,0.66,1.31
2021-06-22,002345,36.11,36.95,37.79,36.05,206003,104426009.0,4.83,2.5,0.9,2.33
2021-06-23,002345,36.95,37.07,37.67,36.89,136988,69599713.0,2.11,0.32,0.12,1.55
2021-06-24,002345,37.31,36.77,37.37,36.53,93263,47019051.0,2.27,-0.81,-0.3,1.05
2021-06-25,002345,36.95,38.15,38.15,36.65,237561,122860742.0,4.08,3.75,1.38,2.69
2021-06-28,002345,38.21,38.15,38.63,37.85,193249,101549361.0,2.04,0.0,0.0,2.18
2021-06-29,002345,38.15,38.39,39.05,37.91,208378,110476094.0,2.99,0.63,0.24,2.36
2021-06-30,002345,38.27,38.09,38.63,37.67,137432,72216979.0,2.5,-0.78,-0.3,1.55
2021-07-01,002345,38.27,37.61,38.69,37.55,163596,86160335.0,2.99,-1.26,-0.48,1.85
2021-07-02,002345,37.61,37.73,38.63,37.61,148868,77819753.0,2.71,0.32,0.12,1.68
2021-07-05,002345,38.21,39.83,40.01,37.97,396927,216215876.0,5.41,5.57,2.1,4.49
2021-07-06,002345,39.95,39.95,39.95,38.99,268133,146906335.0,2.41,0.3,0.12,3.03
2021-07-07,002345,39.83,39.65,40.07,39.35,163777,89997166.0,1.8,-0.75,-0.3,1.85
2021-07-08,002345,39.47,40.07,40.25,39.11,261069,144008497.0,2.88,1.06,0.42,2.95
2021-07-09,002345,39.95,39.65,40.19,38.93,203316,111277020.0,3.14,-1.05,-0.42,2.3
2021-07-12,002345,39.65,40.91,41.57,39.17,328701,187383783.0,6.05,3.18,1.26,3.72
2021-07-13,002345,40.91,41.27,41.63,40.31,166160,95040788.0,3.23,0.88,0.36,1.88
2021-07-14,002345,41.33,41.45,41.75,40.85,159080,91942803.0,2.18,0.44,0.18,1.8
2021-07-15,002345,41.15,40.85,41.51,39.95,215233,122122326.0,3.76,-1.45,-0.6,2.43
2021-07-16,002345,40.79,40.19,41.15,40.07,229665,129804665.0,2.64,-1.62,-0.66,2.6
2021-07-19,002345,40.31,40.13,40.55,39.29,184073,102091671.0,3.14,-0.15,-0.06,2.08
2021-07-20,002345,40.19,41.75,42.65,40.07,396671,232301721.0,6.43,4.04,1.62,4.48
2021-07-21,002345,41.63,42.59,43.25,41.51,336212,201095251.0,4.17,2.01,0.84,3.8
2021-07-22,002345,42.89,42.59,43.25,42.11,265038,159159097.0,2.68,0.0,0.0,3.0
2021-07-23,002345,42.53,42.59,43.55,42.11,210671,126595961.0,3.38,0.0,0.0,2.38
2021-07-26,002345,42.29,41.81,42.65,41.21,185540,108867847.0,3.38,-1.83,-0.78,2.1
2021-07-27,002345,41.93,40.07,42.11,39.83,177573,101599255.0,5.45,-4.16,-1.74,2.01
2021-07-28,002345,39.65,39.35,40.01,37.25,228715,123531643.0,6.89,-1.8,-0.72,2.59
2021-07-29,002345,39.65,41.75,42.23,39.65,240849,138889779.0,6.56,6.1,2.4,2.72
2021-07-30,002345,41.69,42.35,42.47,40.91,197284,115066271.0,3.74,1.44,0.6,2.23
2021-08-02,002345,42.59,43.61,44.33,41.69,402642,245261091.0,6.23,2.98,1.26,4.55
2021-08-03,002345,43.61,43.07,44.99,42.71,301916,187136911.0,5.23,-1.24,-0.54,3.41
2021-08-04,002345,43.31,42.95,44.03,42.47,253028,153905763.0,3.62,-0.28,-0.12,2.86
2021-08-05,002345,42.71,42.17,42.77,41.93,170076,101206811.0,1.96,-1.82,-0.78,1.92
2021-08-06,002345,42.41,41.81,42.59,41.81,140034,83012791.0,1.85,-0.85,-0.36,1.58
2021-08-09,002345,41.75,41.63,41.93,40.49,190042,109777906.0,3.44,-0.43,-0.18,2.15
2021-08-10,002345,41.33,41.21,41.51,40.67,162600,93233549.0,2.02,-1.01,-0.42,1.84
2021-08-11,002345,40.97,40.79,41.33,40.55,135648,77180794.0,1.89,-1.02,-0.42,1.53
2021-08-12,002345,40.79,40.91,41.33,40.25,150235,85630669.0,2.65,0.29,0.12,1.7
2021-08-13,002345,40.79,39.77,40.79,39.71,167090,93134834.0,2.64,-2.79,-1.14,1.89
2021-08-16,002345,39.95,40.19,40.85,39.89,122257,68645227.0,2.41,1.06,0.42,1.38
2021-08-17,002345,40.07,39.35,40.37,39.29,154675,85336621.0,2.69,-2.09,-0.84,1.75
2021-08-18,002345,39.35,39.47,39.71,38.93,129529,70278558.0,1.98,0.3,0.12,1.46
2021-08-19,002345,39.41,38.57,40.01,38.39,191421,103609195.0,4.1,-2.28,-0.9,2.16
2021-08-20,002345,38.57,38.51,38.81,37.79,168250,88773304.0,2.64,-0.16,-0.06,1.9
2021-08-23,002345,38.33,39.71,40.01,38.33,159171,87249858.0,4.36,3.12,1.2,1.8
2021-08-24,002345,39.89,39.71,40.25,39.53,104988,58029758.0,1.81,0.0,0.0,1.19
2021-08-25,002345,39.59,39.41,39.71,38.93,89186,48431502.0,1.96,-0.76,-0.3,1.01
2021-08-26,002345,39.47,39.59,39.77,38.87,92236,50320129.0,2.28,0.46,0.18,1.04
2021-08-27,002345,39.59,39.05,39.59,38.81,98479,53184640.0,1.97,-1.36,-0.54,1.11
2021-08-30,002345,38.99,39.59,39.89,38.81,118938,64943046.0,2.77,1.38,0.54,1.34
2021-08-31,002345,39.53,39.11,39.77,38.39,122876,66037749.0,3.49,-1.21,-0.48,1.39
2021-09-01,002345,39.05,38.57,39.11,37.85,143050,75901224.0,3.22,-1.38,-0.54,1.62
2021-09-02,002345,38.51,38.81,39.17,38.33,105489,56424693.0,2.18,0.62,0.24,1.19
2021-09-03,002345,38.99,39.11,39.53,38.33,144895,78175276.0,3.09,0.77,0.3,1.64
2021-09-06,002345,39.11,40.73,40.91,38.87,230571,128290815.0,5.22,4.14,1.62,2.61
2021-09-07,002345,40.85,40.97,41.09,40.43,156420,88953006.0,1.62,0.59,0.24,1.77
2021-09-08,002345,40.91,41.75,41.93,40.79,150722,87511493.0,2.78,1.9,0.78,1.7
2021-09-09,002345,41.39,42.11,42.17,41.33,145508,85466091.0,2.01,0.86,0.36,1.64
2021-09-10,002345,41.93,41.81,42.41,41.27,194275,113597842.0,2.71,-0.71,-0.3,2.2
2021-09-13,002345,41.63,42.47,42.65,41.09,172469,101755747.0,3.73,1.58,0.66,1.95
2021-09-14,002345,42.47,42.11,42.89,41.81,140354,83328209.0,2.54,-0.85,-0.36,1.59
2021-09-15,002345,42.11,42.23,42.65,41.39,149981,88615328.0,2.99,0.28,0.12,1.7
2021-09-16,002345,42.05,41.51,42.77,41.39,129257,76144294.0,3.27,-1.7,-0.72,1.46
2021-09-17,002345,41.51,41.09,41.63,40.31,110662,63213430.0,3.18,-1.01,-0.42,1.25
2021-09-22,002345,40.43,40.85,41.75,40.43,79907,45731879.0,3.21,-0.58,-0.24,0.9
2021-09-23,002345,40.79,41.99,42.23,40.79,137080,80047637.0,3.53,2.79,1.14,1.55
2021-09-24,002345,42.05,40.13,42.17,39.77,134032,76058836.0,5.72,-4.43,-1.86,1.51
2021-09-27,002345,40.13,37.97,40.19,37.49,206574,109336881.0,6.73,-5.38,-2.16,2.33
2021-09-28,002345,37.97,37.49,38.03,36.41,178322,90921341.0,4.27,-1.26,-0.48,2.02
2021-09-29,002345,37.49,36.77,37.73,36.47,110786,56093198.0,3.36,-1.92,-0.72,1.25
2021-09-30,002345,37.01,37.67,38.09,36.77,103793,53260399.0,3.59,2.45,0.9,1.17
2021-10-08,002345,38.15,38.99,39.95,38.09,159146,86428468.0,4.94,3.5,1.32,1.8
2021-10-11,002345,39.23,38.51,39.89,38.27,150721,81011176.0,4.15,-1.23,-0.48,1.7
2021-10-12,002345,38.99,39.47,39.77,38.21,235656,127488319.0,4.05,2.49,0.96,2.66
2021-10-13,002345,39.59,40.25,41.03,38.75,237049,130932459.0,5.78,1.98,0.78,2.68
2021-10-14,002345,41.33,41.63,41.93,39.41,341575,195367236.0,6.26,3.43,1.38,3.86
2021-10-15,002345,41.51,40.37,41.81,40.19,191842,109675974.0,3.89,-3.03,-1.26,2.17
2021-10-18,002345,40.37,40.19,40.67,39.77,139304,77789637.0,2.23,-0.45,-0.18,1.57
2021-10-19,002345,40.31,39.83,40.37,39.11,130631,72339000.0,3.14,-0.9,-0.36,1.48
2021-10-20,002345,40.37,38.81,40.37,38.63,166600,89753561.0,4.37,-2.56,-1.02,1.88
2021-10-21,002345,38.93,38.75,39.89,38.51,176725,95135606.0,3.56,-0.15,-0.06,2.0
2021-10-22,002345,38.75,37.97,38.81,37.73,116440,61104995.0,2.79,-2.01,-0.78,1.32
2021-10-25,002345,37.97,37.43,38.15,37.31,131147,67529810.0,2.21,-1.42,-0.54,1.48
2021-10-26,002345,37.61,37.55,38.51,37.49,149137,77968005.0,2.73,0.32,0.12,1.69
2021-10-27,002345,37.61,36.95,37.97,36.65,126685,64284701.0,3.52,-1.6,-0.6,1.43
2021-10-28,002345,36.95,37.13,37.55,36.47,147999,74850291.0,2.92,0.49,0.18,1.67
2021-10-29,002345,37.01,36.53,37.19,36.05,154825,77258053.0,3.07,-1.62,-0.6,1.75
2021-11-01,002345,36.53,37.19,37.55,36.17,134497,68272484.0,3.78,1.81,0.66,1.52
2021-11-02,002345,37.19,35.63,37.61,35.45,204910,100979011.0,5.81,-4.19,-1.56,2.32
2021-11-03,002345,35.51,35.51,35.99,34.97,123433,59410549.0,2.86,-0.34,-0.12,1.4
2021-11-04,002345,35.51,35.33,35.69,34.97,102933,48977561.0,2.03,-0.51,-0.18,1.16
2021-11-05,002345,35.21,35.51,35.69,35.15,80015,38417079.0,1.53,0.51,0.18,0.9
2021-11-08,002345,35.51,34.55,35.57,34.55,134446,63112396.0,2.87,-2.7,-0.96,1.52
2021-11-09,002345,34.67,34.79,34.91,34.55,72303,33878890.0,1.04,0.69,0.24,0.82
2021-11-10,002345,34.61,34.19,34.67,33.95,142771,65544006.0,2.07,-1.72,-0.6,1.61
2021-11-11,002345,34.19,34.37,34.85,34.07,124635,57738548.0,2.28,0.53,0.18,1.41
2021-11-12,002345,34.37,35.03,35.03,34.13,124955,58170706.0,2.62,1.92,0.66,1.41
2021-11-15,002345,35.15,35.09,35.15,34.55,190158,89235710.0,1.71,0.17,0.06,2.15
2021-11-16,002345,35.03,36.17,36.83,34.91,239513,117285857.0,5.47,3.08,1.08,2.71
2021-11-17,002345,36.41,36.65,37.07,35.87,172539,86048853.0,3.32,1.33,0.48,1.95
2021-11-18,002345,36.65,36.59,37.19,36.59,139336,70180676.0,1.64,-0.16,-0.06,1.57
2021-11-19,002345,36.47,36.71,36.95,35.93,119234,59321706.0,2.79,0.33,0.12,1.35
2021-11-22,002345,36.53,36.71,37.13,36.47,120903,60689149.0,1.8,0.0,0.0,1.37
2021-11-23,002345,36.95,36.71,36.95,36.29,113466,56482574.0,1.8,0.0,0.0,1.28
2021-11-24,002345,36.71,36.77,36.83,36.29,111738,55814150.0,1.47,0.16,0.06,1.26
2021-11-25,002345,36.83,36.83,37.07,36.47,114958,57872527.0,1.63,0.16,0.06,1.3
2021-11-26,002345,36.83,36.89,36.95,36.65,80672,40571555.0,0.81,0.16,0.06,0.91
2021-11-29,002345,36.53,35.93,36.53,35.81,100077,49055330.0,1.95,-2.6,-0.96,1.13
2021-11-30,002345,35.99,36.47,36.83,35.93,93767,46640000.0,2.5,1.5,0.54,1.06
2021-12-01,002345,36.47,37.19,37.25,36.05,98252,49307121.0,3.29,1.97,0.72,1.11
2021-12-02,002345,37.49,36.65,37.49,36.53,85350,43025209.0,2.58,-1.45,-0.54,0.96
2021-12-03,002345,36.65,36.53,36.83,36.17,62456,31046352.0,1.8,-0.33,-0.12,0.71
2021-12-06,002345,36.41,36.11,36.59,35.99,65974,32613144.0,1.64,-1.15,-0.42,0.75
2021-12-07,002345,35.93,35.51,36.23,35.33,103493,50026355.0,2.49,-1.66,-0.6,1.17
2021-12-08,002345,35.69,35.51,35.93,35.45,62327,30098677.0,1.35,0.0,0.0,0.7
2021-12-09,002345,35.57,35.75,35.87,35.51,89547,43289108.0,1.01,0.68,0.24,1.01
2021-12-10,002345,35.75,36.17,36.29,35.51,119981,58234376.0,2.18,1.17,0.42,1.36
2021-12-13,002345,35.93,36.29,36.35,35.87,79092,38877953.0,1.33,0.33,0.12,0.89
2021-12-14,002345,36.11,35.69,36.11,35.51,108235,52405807.0,1.65,-1.65,-0.6,1.22
2021-12-15,002345,35.57,35.51,35.81,35.45,66641,32199652.0,1.01,-0.5,-0.18,0.75
2021-12-16,002345,35.45,35.69,35.93,35.39,93289,45114069.0,1.52,0.51,0.18,1.05
2021-12-17,002345,35.75,35.15,35.87,35.09,109350,52418956.0,2.19,-1.51,-0.54,1.24
2021-12-20,002345,35.27,35.03,35.51,34.67,77097,36556095.0,2.39,-0.34,-0.12,0.87
2021-12-21,002345,34.85,36.77,37.25,34.85,304176,150886683.0,6.85,4.97,1.74,3.44
2021-12-22,002345,36.71,36.35,36.95,36.17,126098,62471058.0,2.12,-1.14,-0.42,1.43
2021-12-23,002345,36.29,36.23,36.53,35.93,100090,49271763.0,1.65,-0.33,-0.12,1.13
2021-12-24,002345,36.05,36.53,36.65,35.57,167508,82464222.0,2.98,0.83,0.3,1.89
2021-12-27,002345,36.59,37.31,37.79,36.11,239897,122163699.0,4.6,2.14,0.78,2.71
2021-12-28,002345,37.43,38.33,39.29,37.37,271095,143071065.0,5.15,2.73,1.02,3.06
2021-12-29,002345,38.09,41.51,41.51,37.67,834668,474665952.0,10.02,8.3,3.18,9.43
2021-12-30,002345,40.25,40.37,42.77,39.59,777174,444628640.0,7.66,-2.75,-1.14,8.78
2021-12-31,002345,40.61,39.71,40.61,39.47,340900,188549378.0,2.82,-1.63,-0.66,3.85
2022-01-04,002345,39.35,41.15,41.63,39.11,422381,238064330.0,6.35,3.63,1.44,4.77
2022-01-05,002345,40.85,44.63,44.63,40.67,879625,537435104.0,9.62,8.46,3.48,9.94
2022-01-06,002345,44.75,43.25,45.59,42.83,646690,401704784.0,6.18,-3.09,-1.38,7.31
2022-01-07,002345,44.09,42.65,44.09,41.75,539703,322474448.0,5.41,-1.39,-0.6,6.1
2022-01-10,002345,42.11,42.65,43.85,41.93,360652,217793795.0,4.5,0.0,0.0,4.08
2022-01-11,002345,42.77,42.83,43.67,42.35,240597,145688766.0,3.09,0.42,0.18,2.72
2022-01-12,002345,42.71,43.37,43.79,41.99,271261,164053789.0,4.2,1.26,0.54,3.07
2022-01-13,002345,43.49,42.23,44.15,41.81,283345,170590588.0,5.4,-2.63,-1.14,3.2
2022-01-14,002345,41.93,40.91,42.41,40.73,276957,160908773.0,3.98,-3.13,-1.32,3.13
2022-01-17,002345,41.45,41.03,41.69,40.67,199985,115014070.0,2.49,0.29,0.12,2.26
2022-01-18,002345,41.27,40.19,41.81,39.95,250683,141120769.0,4.53,-2.05,-0.84,2.83
2022-01-19,002345,39.95,40.31,40.85,39.83,199618,111885840.0,2.54,0.3,0.12,2.26
2022-01-20,002345,40.49,39.41,40.67,39.11,178059,97973831.0,3.87,-2.23,-0.9,2.01
2022-01-21,002345,39.83,40.01,40.91,39.35,253927,141499013.0,3.96,1.52,0.6,2.87
2022-01-24,002345,40.01,39.11,40.13,38.69,208572,113212677.0,3.6,-2.25,-0.9,2.36
2022-01-25,002345,39.11,38.27,39.95,38.09,192344,104014351.0,4.76,-2.15,-0.84,2.17
2022-01-26,002345,38.39,38.93,39.23,37.91,180645,96118198.0,3.45,1.72,0.66,2.04
2022-01-27,002345,39.05,38.09,39.41,37.91,132715,70445938.0,3.85,-2.16,-0.84,1.5
2022-01-28,002345,38.33,39.05,39.59,37.85,162907,87900195.0,4.57,2.52,0.96,1.84
2022-02-07,002345,39.35,40.73,41.33,39.35,238419,134866672.0,5.07,4.3,1.68,2.69
2022-02-08,002345,40.37,41.33,42.29,40.37,230552,133652293.0,4.71,1.47,0.6,2.61
2022-02-09,002345,41.45,42.05,43.07,41.33,297968,177116802.0,4.21,1.74,0.72,3.37
2022-02-10,002345,42.17,42.11,42.29,41.57,119135,70143794.0,1.71,0.14,0.06,1.35
2022-02-11,002345,42.35,41.57,42.35,41.27,171123,100066093.0,2.56,-1.28,-0.54,1.93
2022-02-14,002345,42.65,42.23,43.13,41.87,223417,133038663.0,3.03,1.59,0.66,2.53
2022-02-15,002345,42.11,42.83,43.55,42.11,303291,183388815.0,3.41,1.42,0.6,3.43
2022-02-16,002345,42.59,41.99,42.59,40.91,200936,117775664.0,3.92,-1.96,-0.84,2.27
2022-02-17,002345,41.99,41.81,42.11,41.21,168988,98749519.0,2.14,-0.43,-0.18,1.91
2022-02-18,002345,41.93,41.93,42.17,41.51,112083,65837101.0,1.58,0.29,0.12,1.27
2022-02-21,002345,42.05,42.59,42.95,41.81,143825,86056552.0,2.72,1.57,0.66,1.63
2022-02-22,002345,42.77,41.45,42.95,41.33,180472,105748703.0,3.8,-2.68,-1.14,2.04
2022-02-23,002345,41.51,40.61,41.69,40.49,194629,110711159.0,2.9,-2.03,-0.84,2.2
2022-02-24,002345,40.61,40.01,40.91,39.71,198274,110960956.0,2.95,-1.48,-0.6,2.24
2022-02-25,002345,40.49,39.89,40.79,39.77,144709,80952913.0,2.55,-0.3,-0.12,1.64
2022-02-28,002345,40.07,40.01,40.43,39.77,105120,58522258.0,1.65,0.3,0.12,1.19
2022-03-01,002345,40.01,40.19,40.25,39.59,92948,51705781.0,1.65,0.45,0.18,1.05
2022-03-02,002345,40.31,40.31,40.91,40.07,150716,85104841.0,2.09,0.3,0.12,1.7
2022-03-03,002345,40.49,40.67,41.15,40.43,148732,84458607.0,1.79,0.89,0.36,1.68
2022-03-04,002345,40.55,39.65,40.61,39.47,155058,85749335.0,2.8,-2.51,-1.02,1.75
2022-03-07,002345,39.65,39.29,40.43,39.05,166511,91716833.0,3.48,-0.91,-0.36,1.92
2022-03-08,002345,39.23,38.27,39.47,37.91,136677,72730415.0,3.97,-2.6,-1.02,1.57
2022-03-09,002345,38.51,37.91,38.87,36.53,139720,72776278.0,6.11,-0.94,-0.36,1.61
2022-03-10,002345,38.51,37.73,38.51,37.61,99936,52281163.0,2.37,-0.47,-0.18,1.15
2022-03-11,002345,37.37,38.03,38.33,36.89,102476,52912697.0,3.82,0.8,0.3,1.18
2022-03-14,002345,37.85,36.59,38.03,36.35,158952,80903955.0,4.42,-3.79,-1.44,1.83
2022-03-15,002345,36.35,34.43,36.41,34.25,187476,90296678.0,5.9,-5.9,-2.16,2.16
2022-03-16,002345,35.03,35.69,35.87,34.25,139426,66220741.0,4.71,3.66,1.26,1.61
2022-03-17,002345,36.53,35.45,36.53,35.15,174794,84339711.0,3.87,-0.67,-0.24,2.01
2022-03-18,002345,35.69,36.53,36.83,35.33,170054,83739934.0,4.23,3.05,1.08,1.96
2022-03-21,002345,36.53,36.11,36.95,35.63,172717,84776819.0,3.61,-1.15,-0.42,1.99
2022-03-22,002345,36.05,35.93,36.47,35.93,106821,52550160.0,1.5,-0.5,-0.18,1.23
2022-03-23,002345,36.17,35.75,36.23,35.63,104230,50649716.0,1.67,-0.5,-0.18,1.2
2022-03-24,002345,35.63,35.63,35.93,35.45,84883,40984629.0,1.34,-0.34,-0.12,0.98
2022-03-25,002345,35.57,35.69,36.05,35.39,76404,37018605.0,1.85,0.17,0.06,0.88
2022-03-28,002345,35.75,35.39,35.87,35.03,124095,59642682.0,2.35,-0.84,-0.3,1.43
2022-03-29,002345,35.39,34.73,35.51,34.43,204856,96183740.0,3.05,-1.86,-0.66,2.36
2022-03-30,002345,34.61,34.79,34.97,34.55,126051,59041904.0,1.21,0.17,0.06,1.45
2022-03-31,002345,34.67,34.85,35.15,34.61,109039,51276281.0,1.55,0.17,0.06,1.26
2022-04-01,002345,34.67,35.21,35.39,34.55,104109,49048150.0,2.41,1.03,0.36,1.2
2022-04-06,002345,35.27,35.63,35.69,35.09,99903,47947581.0,1.7,1.19,0.42,1.15
2022-04-07,002345,35.63,34.91,35.63,34.91,103964,49434959.0,2.02,-2.02,-0.72,1.2
2022-04-08,002345,35.03,34.85,35.15,34.55,97716,45902450.0,1.72,-0.17,-0.06,1.13
2022-04-11,002345,34.85,33.77,34.97,33.59,139400,64103299.0,3.96,-3.1,-1.08,1.61
2022-04-12,002345,33.71,34.73,34.79,33.53,126480,58150219.0,3.73,2.84,0.96,1.46
2022-04-13,002345,34.43,34.13,34.85,34.13,73070,33779038.0,2.07,-1.73,-0.6,0.84
2022-04-14,002345,34.19,34.97,35.39,34.13,146475,68860138.0,3.69,2.46,0.84,1.69
2022-04-15,002345,34.79,34.31,35.15,34.25,109181,51034938.0,2.57,-1.89,-0.66,1.26
2022-04-18,002345,34.25,34.25,34.55,33.65,69750,31943953.0,2.62,-0.17,-0.06,0.8
2022-04-19,002345,34.25,34.37,34.61,34.13,68027,31417388.0,1.4,0.35,0.12,0.78
2022-04-20,002345,34.43,34.67,35.27,34.25,128122,60166743.0,2.97,0.87,0.3,1.48
2022-04-21,002345,34.43,33.35,34.55,33.11,132506,60060360.0,4.15,-3.81,-1.32,1.53
2022-04-22,002345,33.23,34.01,34.37,32.93,103937,46950173.0,4.32,1.98,0.66,1.2
2022-04-25,002345,33.65,31.31,33.83,31.25,205721,88147003.0,7.59,-7.94,-2.7,2.37
2022-04-26,002345,31.25,30.17,31.61,29.93,165940,66636935.0,5.37,-3.64,-1.14,1.91
2022-04-27,002345,29.63,30.77,30.89,29.39,118505,46185019.0,4.97,1.99,0.6,1.37
2022-04-28,002345,30.65,30.23,31.01,29.69,92009,36369278.0,4.29,-1.75,-0.54,1.06
2022-04-29,002345,30.29,32.33,32.33,30.29,149041,62268514.0,6.75,6.95,2.1,1.72
2022-05-05,002345,31.67,31.73,32.03,31.43,208836,86985663.0,1.86,-1.86,-0.6,2.41
2022-05-06,002345,31.19,30.89,31.25,30.71,116271,47034678.0,1.7,-2.65,-0.84,1.34
2022-05-09,002345,30.95,31.61,31.67,30.95,98881,40904225.0,2.33,2.33,0.72,1.14
2022-05-10,002345,31.31,31.61,31.67,31.01,91675,37863801.0,2.09,0.0,0.0,1.06
2022-05-11,002345,31.61,31.61,32.21,31.43,118755,49938413.0,2.47,0.0,0.0,1.37
2022-05-12,002345,31.43,31.85,31.97,31.31,84131,35203994.0,2.09,0.76,0.24,0.97
2022-05-13,002345,32.03,31.85,32.09,31.49,78296,32791937.0,1.88,0.0,0.0,0.9
2022-05-16,002345,31.97,31.85,32.03,31.67,81650,34318390.0,1.13,0.0,0.0,0.94
2022-05-17,002345,31.73,31.55,31.85,31.19,66661,27594904.0,2.07,-0.94,-0.3,0.77
2022-05-18,002345,31.55,31.91,32.09,31.31,83981,35202368.0,2.47,1.14,0.36,0.97
2022-05-19,002345,31.55,31.73,31.85,31.37,72209,30040052.0,1.5,-0.56,-0.18,0.83
2022-05-20,002345,31.91,32.21,32.21,31.79,107889,45728684.0,1.32,1.51,0.48,1.24
2022-05-23,002345,32.21,32.33,32.39,31.85,85664,36492295.0,1.68,0.37,0.12,0.99
2022-05-24,002345,32.39,31.43,32.51,31.37,98866,41599369.0,3.53,-2.78,-0.9,1.14
2022-05-25,002345,31.49,32.33,32.51,31.43,121656,51479496.0,3.44,2.86,0.9,1.4
2022-05-26,002345,32.45,32.63,32.75,31.85,143350,61400367.0,2.78,0.93,0.3,1.65
2022-05-27,002345,33.05,32.51,33.11,32.39,94937,41075546.0,2.21,-0.37,-0.12,1.09
2022-05-30,002345,32.57,32.57,32.63,32.27,58329,25109083.0,1.11,0.18,0.06,0.67
2022-05-31,002345,32.57,32.93,33.05,32.33,73625,32017285.0,2.21,1.11,0.36,0.85
2022-06-01,002345,32.93,33.05,33.35,32.69,89268,39258875.0,2.0,0.36,0.12,1.03
2022-06-02,002345,33.05,33.83,33.89,32.99,151376,67666021.0,2.72,2.36,0.78,1.74
2022-06-06,002345,33.77,33.53,33.95,33.29,153559,65838328.0,1.95,-0.89,-0.3,1.77
2022-06-07,002345,33.59,33.59,33.65,33.17,111194,47357505.0,1.43,0.18,0.06,1.28
2022-06-08,002345,33.53,33.29,33.59,32.93,84104,35588289.0,1.96,-0.89,-0.3,0.97
2022-06-09,002345,33.23,32.81,33.23,32.69,63026,26359137.0,1.62,-1.44,-0.48,0.73
2022-06-10,002345,32.75,33.05,33.11,32.57,88606,37048485.0,1.65,0.73,0.24,1.02
2022-06-13,002345,32.87,32.99,33.11,32.69,91950,38300686.0,1.27,-0.18,-0.06,1.06
2022-06-14,002345,32.93,33.11,33.11,32.33,112436,46584337.0,2.36,0.36,0.12,1.3
2022-06-15,002345,33.29,33.23,33.47,32.99,106215,44903017.0,1.45,0.36,0.12,1.22
2022-06-16,002345,33.05,33.11,33.35,33.05,66931,28227146.0,0.9,-0.36,-0.12,0.77
2022-06-17,002345,32.99,33.11,33.29,32.87,73724,31000070.0,1.27,0.0,0.0,0.85
2022-06-20,002345,33.11,33.77,33.77,33.05,117089,50041165.0,2.17,1.99,0.66,1.35
2022-06-21,002345,33.83,34.01,34.19,33.59,120429,52415305.0,1.78,0.71,0.24,1.39
2022-06-22,002345,34.13,33.83,34.25,33.77,79000,34320736.0,1.41,-0.53,-0.18,0.91
2022-06-23,002345,33.83,34.25,34.25,33.47,108710,47227992.0,2.31,1.24,0.42,1.25
2022-06-24,002345,34.25,34.91,35.09,33.83,178489,79842295.0,3.68,1.93,0.66,2.06
2022-06-27,002345,34.85,35.03,35.15,34.61,134958,61051476.0,1.55,0.34,0.12,1.56
2022-06-28,002345,35.03,35.03,35.27,34.61,117886,53102021.0,1.88,0.0,0.0,1.36
2022-06-29,002345,35.03,34.97,35.57,34.91,117410,53606780.0,1.88,-0.17,-0.06,1.35
2022-06-30,002345,35.27,35.39,35.63,35.21,107830,49539800.0,1.2,1.2,0.42,1.24
2022-07-01,002345,35.39,35.27,35.51,35.03,83321,38011810.0,1.36,-0.34,-0.12,0.96
2022-07-04,002345,35.51,35.27,35.51,34.97,71040,32390918.0,1.53,0.0,0.0,0.82
2022-07-05,002345,35.33,34.85,35.57,34.55,96840,43775202.0,2.89,-1.19,-0.42,1.12
2022-07-06,002345,34.97,34.25,34.97,34.07,92789,40932694.0,2.58,-1.72,-0.6,1.07
2022-07-07,002345,34.25,34.25,34.55,34.19,65578,28935686.0,1.05,0.0,0.0,0.76
2022-07-08,002345,34.43,34.07,34.43,34.07,60017,26351030.0,1.05,-0.53,-0.18,0.69
2022-07-11,002345,34.19,33.77,34.19,33.47,81392,35035449.0,2.11,-0.88,-0.3,0.94
2022-07-12,002345,33.89,33.35,33.89,33.35,53055,22686461.58,1.6,-1.24,-0.42,0.61
2022-07-13,002345,33.23,33.65,33.77,33.23,55889,23953209.0,1.62,0.9,0.3,0.64
2022-07-14,002345,33.53,33.41,33.65,33.29,46025,19622286.24,1.07,-0.71,-0.24,0.53
2022-07-15,002345,33.35,32.69,33.35,32.69,75373,31447148.0,1.98,-2.16,-0.72,0.87
2022-07-18,002345,32.87,33.53,33.59,32.81,77615,32901014.98,2.39,2.57,0.84,0.89
2022-07-19,002345,33.59,35.03,36.11,33.41,285126,129359623.32,8.05,4.47,1.5,3.29
2022-07-20,002345,34.79,34.73,35.27,34.25,185719,82901360.4,2.91,-0.86,-0.3,2.14
2022-07-21,002345,34.79,34.49,34.91,34.49,83667,37410799.72,1.21,-0.69,-0.24,0.96
2022-07-22,002345,34.49,34.55,34.79,34.25,69176,30742036.15,1.57,0.17,0.06,0.8
2022-07-25,002345,34.55,35.09,35.69,34.25,146904,66252737.78,4.17,1.56,0.54,1.69
2022-07-26,002345,34.97,37.13,37.73,34.85,549109,262886588.52,8.21,5.81,2.04,6.33
2022-07-27,002345,36.35,36.65,37.13,35.81,391751,187434869.53,3.56,-1.29,-0.48,4.51
2022-07-28,002345,36.89,36.29,37.01,36.17,199420,95260560.26,2.29,-0.98,-0.36,2.3
2022-07-29,002345,36.23,36.05,36.71,35.87,153064,72338030.45,2.31,-0.66,-0.24,1.76
2022-08-01,002345,35.75,35.39,36.29,35.27,154428,71483766.0,2.83,-1.83,-0.66,1.78
2022-08-02,002345,35.39,33.95,35.39,33.53,208095,91392454.87,5.26,-4.07,-1.44,2.4
2022-08-03,002345,33.89,33.83,34.49,33.83,129277,56758414.24,1.94,-0.35,-0.12,1.49
2022-08-04,002345,33.95,34.13,34.19,33.71,90976,39552982.4,1.42,0.89,0.3,1.05
2022-08-05,002345,34.13,34.49,34.55,34.01,110210,48537630.49,1.58,1.05,0.36,1.27
2022-08-08,002345,34.49,34.43,34.61,34.19,84689,37404063.26,1.22,-0.17,-0.06,0.98
2022-08-09,002345,34.25,34.37,34.43,34.01,90143,39615909.0,1.22,-0.17,-0.06,1.04
2022-08-10,002345,34.25,35.39,35.93,34.07,207588,94505642.26,5.41,2.97,1.02,2.39
2022-08-11,002345,35.39,36.47,36.65,35.39,288288,136284176.01,3.56,3.05,1.08,3.32
2022-08-12,002345,36.65,36.17,36.95,35.99,158778,75506285.61,2.63,-0.82,-0.3,1.83
2022-08-15,002345,36.47,36.29,36.95,35.81,159508,75706905.34,3.15,0.33,0.12,1.84
2022-08-16,002345,36.47,35.93,36.53,35.81,104184,48901497.76,1.98,-0.99,-0.36,1.2
2022-08-17,002345,38.75,38.75,38.75,38.69,567762,292396597.65,0.17,7.85,2.82,6.54
2022-08-18,002345,38.75,40.13,41.09,38.21,1358718,722670060.13,7.43,3.56,1.38,15.66
2022-08-19,002345,40.13,38.63,40.61,38.57,590572,311576155.53,5.08,-3.74,-1.5,6.81
2022-08-22,002345,38.69,40.25,40.73,38.21,531467,280717153.83,6.52,4.19,1.62,6.12
2022-08-23,002345,39.95,40.85,41.93,39.59,458176,250312810.03,5.81,1.49,0.6,5.28
2022-08-24,002345,40.37,39.41,40.91,39.17,346584,184538690.75,4.26,-3.53,-1.44,3.99
2022-08-25,002345,39.47,38.93,39.71,38.27,236361,121926223.28,3.65,-1.22,-0.48,2.72
2022-08-26,002345,38.93,37.85,39.17,37.67,231329,117490844.06,3.85,-2.77,-1.08,2.67
2022-08-29,002345,37.37,38.33,38.51,37.13,161110,80868276.3,3.65,1.27,0.48,1.86
2022-08-30,002345,37.91,38.39,39.29,37.91,146344,74891151.0,3.6,0.16,0.06,1.69
2022-08-31,002345,38.27,37.07,38.33,36.83,208181,102376268.02,3.91,-3.44,-1.32,2.4
2022-09-01,002345,37.61,37.07,37.61,36.77,98842,48388003.0,2.27,0.0,0.0,1.14
2022-09-02,002345,37.01,37.31,37.43,36.77,105859,51574895.14,1.78,0.65,0.24,1.22
2022-09-05,002345,37.31,37.67,37.85,36.77,134436,65986132.87,2.89,0.96,0.36,1.55
2022-09-06,002345,37.67,37.55,37.67,37.31,109901,54330435.66,0.96,-0.32,-0.12,1.27
2022-09-07,002345,37.49,36.83,37.49,36.65,144997,70482384.0,2.24,-1.92,-0.72,1.67
2022-09-08,002345,36.77,37.73,37.73,36.11,285137,138546465.14,4.4,2.44,0.9,3.29
2022-09-09,002345,37.73,37.01,38.39,36.89,183460,90375521.44,3.98,-1.91,-0.72,2.11
2022-09-13,002345,36.83,38.15,38.69,36.77,271833,136744426.62,5.19,3.08,1.14,3.13
2022-09-14,002345,37.55,37.25,37.61,36.83,191630,93414217.88,2.04,-2.36,-0.9,2.21
2022-09-15,002345,37.49,36.41,37.73,36.11,166472,80112444.67,4.35,-2.26,-0.84,1.92
2022-09-16,002345,36.41,35.09,36.41,35.03,131165,60544116.0,3.79,-3.63,-1.32,1.51
2022-09-19,002345,34.91,34.49,35.09,33.95,106783,47369183.8,3.25,-1.71,-0.6,1.23
2022-09-20,002345,34.79,35.33,35.39,34.67,98095,44619512.19,2.09,2.44,0.84,1.13
2022-09-21,002345,35.39,35.51,35.63,34.85,76164,34764468.0,2.21,0.51,0.18,0.88
2022-09-22,002345,35.39,35.27,35.75,35.21,94066,43228507.52,1.52,-0.68,-0.24,1.08
2022-09-23,002345,35.51,34.37,35.51,34.13,111386,49618974.16,3.91,-2.55,-0.9,1.28
2022-09-26,002345,33.95,33.35,34.13,33.29,101721,43645524.52,2.44,-2.97,-1.02,1.17
2022-09-27,002345,33.65,34.91,34.91,33.41,115348,50755171.72,4.5,4.68,1.56,1.33
2022-09-28,002345,34.85,34.01,35.03,34.01,95684,42450448.44,2.92,-2.58,-0.9,1.1
2022-09-29,002345,34.37,33.65,34.67,33.41,73675,32057461.0,3.7,-1.06,-0.36,0.85
2022-09-30,002345,33.71,34.07,34.31,33.47,69328,30207477.08,2.5,1.25,0.42,0.8
2022-10-10,002345,34.07,32.87,34.31,32.63,95979,40602561.94,4.93,-3.52,-1.2,1.11
2022-10-11,002345,32.81,32.75,32.99,32.09,63391,25997469.0,2.74,-0.37,-0.12,0.73
2022-10-12,002345,32.75,33.23,33.23,32.15,58192,24070625.15,3.3,1.47,0.48,0.67
2022-10-13,002345,33.05,33.05,33.41,32.87,61548,25903164.0,1.63,-0.54,-0.18,0.71
2022-10-14,002345,33.41,33.89,34.07,33.29,70207,30268524.0,2.36,2.54,0.84,0.81
2022-10-17,002345,33.77,34.31,34.43,33.59,64695,28178285.36,2.48,1.24,0.42,0.75
2022-10-18,002345,34.43,33.77,34.49,33.59,98870,42901521.9,2.62,-1.57,-0.54,1.14
2022-10-19,002345,33.71,33.23,33.71,33.17,60106,25593359.02,1.6,-1.6,-0.54,0.69
2022-10-20,002345,33.23,33.17,33.47,32.93,52511,22204158.19,1.63,-0.18,-0.06,0.61
2022-10-21,002345,33.11,32.81,33.29,32.75,55442,23246312.0,1.63,-1.09,-0.36,0.64
2022-10-24,002345,32.93,32.39,33.23,32.15,69761,28846928.0,3.29,-1.28,-0.42,0.8
2022-10-25,002345,32.33,32.51,32.57,31.97,51913,21162100.0,1.85,0.37,0.12,0.6
2022-10-26,002345,32.51,32.75,32.93,32.51,49429,20505601.32,1.29,0.74,0.24,0.57
2022-10-27,002345,32.75,32.81,32.93,32.69,40183,16728997.6,0.73,0.18,0.06,0.46
2022-10-28,002345,32.81,32.33,32.81,32.21,81252,33315070.76,1.83,-1.46,-0.48,0.94
2022-10-31,002345,32.33,32.45,32.69,32.09,46463,18967086.0,1.86,0.37,0.12,0.54
2022-11-01,002345,32.57,33.17,33.17,32.57,64106,26758086.6,1.85,2.22,0.72,0.74
2022-11-02,002345,33.05,33.29,33.41,32.99,91087,38513574.33,1.27,0.36,0.12,1.05
2022-11-03,002345,33.05,33.23,33.47,33.05,55888,23647481.79,1.26,-0.18,-0.06,0.64
2022-11-04,002345,33.29,33.77,33.83,33.23,94905,40704665.56,1.81,1.63,0.54,1.09
2022-11-07,002345,33.89,34.07,34.13,33.71,77583,33817131.0,1.24,0.89,0.3,0.89
2022-11-08,002345,34.25,34.01,34.25,33.89,56036,24459847.64,1.06,-0.18,-0.06,0.65
2022-11-09,002345,34.01,34.19,34.25,33.83,63038,27590433.18,1.23,0.53,0.18,0.73
2022-11-10,002345,34.01,34.01,34.25,33.89,77156,33703311.98,1.05,-0.53,-0.18,0.89
2022-11-11,002345,34.49,34.25,34.79,34.19,104726,46422025.0,1.76,0.71,0.24,1.21
2022-11-14,002345,34.25,34.43,34.67,34.07,73409,32517030.14,1.75,0.53,0.18,0.85
2022-11-15,002345,34.49,34.49,34.55,34.25,61917,27442171.0,0.87,0.17,0.06,0.71
2022-11-16,002345,34.61,34.67,34.73,34.49,60847,27178170.0,0.7,0.52,0.18,0.7
2022-11-17,002345,34.55,34.55,34.79,34.37,56395,25120514.72,1.21,-0.35,-0.12,0.65
2022-11-18,002345,34.55,34.25,34.79,34.13,73249,32495442.82,1.91,-0.87,-0.3,0.84
2022-11-21,002345,34.19,34.01,34.19,33.71,63528,27539899.0,1.4,-0.7,-0.24,0.73
2022-11-22,002345,34.19,33.71,34.19,33.65,77036,33474937.32,1.59,-0.88,-0.3,0.89
2022-11-23,002345,33.89,33.47,33.89,33.23,61994,26473237.39,1.96,-0.71,-0.24,0.71
2022-11-24,002345,33.65,33.65,33.83,33.47,62472,26877937.5,1.08,0.54,0.18,0.72
2022-11-25,002345,33.59,33.59,33.83,33.47,51374,22071826.0,1.07,-0.18,-0.06,0.59
2022-11-28,002345,33.47,33.53,33.53,32.93,77689,32877012.82,1.79,-0.18,-0.06,0.9
2022-11-29,002345,33.65,34.19,34.25,33.47,122802,53431483.14,2.33,1.97,0.66,1.42
2022-11-30,002345,34.25,34.07,34.43,33.89,64125,28128891.83,1.58,-0.35,-0.12,0.74
2022-12-01,002345,34.37,34.67,35.09,34.37,148987,66727397.33,2.11,1.76,0.6,1.72
2022-12-02,002345,35.15,34.91,35.51,34.61,96181,43383568.25,2.6,0.69,0.24,1.11
2022-12-05,002345,35.09,35.51,35.75,34.97,189242,87069730.6,2.23,1.72,0.6,2.18
2022-12-06,002345,35.51,35.87,36.35,35.39,170132,79656088.81,2.7,1.01,0.36,1.96
2022-12-07,002345,35.93,35.99,36.11,35.51,128795,60134205.88,1.67,0.33,0.12,1.48
2022-12-08,002345,35.99,36.23,36.77,35.69,127715,60591162.25,3.0,0.67,0.24,1.47
2022-12-09,002345,36.35,36.05,36.35,35.81,96673,45533526.0,1.49,-0.5,-0.18,1.11
2022-12-12,002345,36.17,35.57,36.23,35.45,79721,37050915.44,2.16,-1.33,-0.48,0.92
2022-12-13,002345,35.57,36.35,37.01,35.51,132921,63283714.44,4.22,2.19,0.78,1.53
2022-12-14,002345,36.29,36.77,37.01,36.29,102159,49208010.87,1.98,1.16,0.42,1.18
2022-12-15,002345,36.89,36.41,37.25,36.35,83417,40041468.09,2.45,-0.98,-0.36,0.96
2022-12-16,002345,36.41,36.59,36.83,36.23,60900,29040862.79,1.65,0.49,0.18,0.7
2022-12-19,002345,36.71,36.23,37.25,35.99,99011,47357690.77,3.44,-0.98,-0.36,1.14
2022-12-20,002345,36.17,36.05,36.47,35.75,60862,28641909.04,1.99,-0.5,-0.18,0.7
2022-12-21,002345,36.05,36.53,36.65,35.93,90928,43223601.98,2.0,1.33,0.48,1.05
2022-12-22,002345,36.53,36.89,37.61,36.23,138724,67320419.6,3.78,0.99,0.36,1.6
2022-12-23,002345,36.95,36.65,37.19,36.41,80432,38773280.0,2.11,-0.65,-0.24,0.93
2022-12-26,002345,36.71,36.29,36.83,36.11,77460,36796261.57,1.96,-0.98,-0.36,0.89
2022-12-27,002345,36.47,37.43,37.97,36.35,142450,69859657.68,4.46,3.14,1.14,1.64
2022-12-28,002345,37.19,37.31,37.49,36.77,117669,57529531.66,1.92,-0.32,-0.12,1.36
2022-12-29,002345,37.25,37.43,37.61,36.89,88947,43551869.98,1.93,0.32,0.12,1.02
2022-12-30,002345,37.31,39.41,40.37,37.31,414234,215435536.32,8.18,5.29,1.98,4.77
2023-01-03,002345,39.59,39.71,40.61,39.23,415951,222659500.43,3.5,0.76,0.3,4.79
2023-01-04,002345,39.59,40.31,41.15,39.41,334674,181328712.2,4.38,1.51,0.6,3.86
2023-01-05,002345,40.13,40.61,41.27,40.13,289919,158819405.0,2.83,0.74,0.3,3.34
2023-01-06,002345,40.61,40.31,40.85,40.13,172401,93767228.0,1.77,-0.74,-0.3,1.99
2023-01-09,002345,40.55,42.53,42.89,40.49,425242,241897048.96,5.95,5.51,2.22,4.9
2023-01-10,002345,42.23,43.85,44.21,41.99,398491,236498315.88,5.22,3.1,1.32,4.59
2023-01-11,002345,43.67,42.23,43.85,41.93,441816,256186800.4,4.38,-3.69,-1.62,5.09
2023-01-12,002345,42.17,42.05,43.19,41.51,268564,154149800.0,3.98,-0.43,-0.18,3.1
2023-01-13,002345,42.05,43.79,44.03,41.51,363685,212161760.15,5.99,4.14,1.74,4.19
2023-01-16,002345,43.85,43.49,43.91,42.23,333484,196277216.24,3.84,-0.69,-0.3,3.84
2023-01-17,002345,43.13,42.71,43.31,41.81,205894,118999517.82,3.45,-1.79,-0.78,2.37
2023-01-18,002345,42.47,42.29,43.13,42.17,129659,74961345.84,2.25,-0.98,-0.42,1.49
2023-01-19,002345,41.93,42.47,43.49,41.87,256814,149366579.88,3.83,0.43,0.18,2.96
2023-01-20,002345,42.47,42.89,43.43,42.17,113376,66138785.01,2.97,0.99,0.42,1.31
2023-01-30,002345,43.91,46.37,46.37,43.85,460888,294089792.29,5.88,8.11,3.48,5.31
2023-01-31,002345,45.89,45.29,45.89,44.21,502009,309800162.37,3.62,-2.33,-1.08,5.79
2023-02-01,002345,44.81,45.65,46.07,44.57,319836,199404086.58,3.31,0.79,0.36,3.69
2023-02-02,002345,45.53,45.05,45.53,44.45,183100,113311490.95,2.37,-1.31,-0.6,2.11
2023-02-03,002345,44.93,44.39,44.93,43.85,139728,84846147.0,2.4,-1.47,-0.66,1.61
2023-02-06,002345,43.79,44.27,44.39,42.77,182967,108753529.92,3.65,-0.27,-0.12,2.11
2023-02-07,002345,44.09,44.81,44.87,43.61,118402,72065500.81,2.85,1.22,0.54,1.36
2023-02-08,002345,44.81,44.15,45.29,44.09,125769,76915348.93,2.68,-1.47,-0.66,1.45
2023-02-09,002345,44.15,44.99,45.35,43.97,182515,112220715.23,3.13,1.9,0.84,2.1
2023-02-10,002345,45.35,45.59,46.37,44.99,159962,100676937.3,3.07,1.33,0.6,1.84
2023-02-13,002345,45.17,46.49,47.15,44.69,193435,123047219.15,5.4,1.97,0.9,2.23
2023-02-14,002345,46.49,46.37,47.57,46.25,166213,108285578.34,2.84,-0.26,-0.12,1.92
2023-02-15,002345,46.67,47.33,47.99,46.43,159821,105158224.24,3.36,2.07,0.96,1.84
2023-02-16,002345,47.15,46.19,48.17,45.83,170483,111475720.51,4.94,-2.41,-1.14,1.96
2023-02-17,002345,46.19,45.83,46.91,45.65,107418,68608374.17,2.73,-0.78,-0.36,1.24
2023-02-20,002345,45.65,47.75,48.23,45.65,247633,162162088.84,5.63,4.19,1.92,2.85
2023-02-21,002345,47.75,47.27,48.17,46.67,134239,87992644.35,3.14,-1.01,-0.48,1.55
2023-02-22,002345,47.03,49.31,49.49,46.73,222695,151339795.37,5.84,4.32,2.04,2.57
2023-02-23,002345,49.31,48.53,49.61,48.23,147616,100686084.89,2.8,-1.58,-0.78,1.7
2023-02-24,002345,48.47,48.41,49.01,48.23,84625,57489143.36,1.61,-0.25,-0.12,0.98
2023-02-27,002345,48.29,48.71,48.95,47.75,114138,77363876.2,2.48,0.62,0.3,1.32
2023-02-28,002345,48.53,49.55,49.97,48.17,165003,114300024.32,3.7,1.72,0.84,1.9
2023-03-01,002345,49.73,50.45,50.63,49.07,143493,101017015.1,3.15,1.82,0.9,1.65
2023-03-02,002345,50.15,50.27,50.51,49.91,78207,55147440.4,1.19,-0.36,-0.18,0.9
2023-03-03,002345,50.09,51.41,51.59,50.03,119016,85726608.97,3.1,2.27,1.14,1.37
2023-03-06,002345,51.71,51.47,51.89,50.51,169992,122446927.8,2.68,0.12,0.06,1.96
2023-03-07,002345,51.05,51.29,52.25,49.79,180898,129792285.88,4.78,-0.35,-0.18,2.08
2023-03-08,002345,51.05,50.39,51.17,50.15,127400,90591576.2,1.99,-1.75,-0.9,1.47
2023-03-09,002345,50.39,49.37,50.57,49.07,141965,98579266.01,2.98,-2.02,-1.02,1.64
2023-03-10,002345,48.95,48.89,50.09,48.83,130128,90002282.03,2.55,-0.97,-0.48,1.5
2023-03-13,002345,48.95,49.91,49.97,48.59,105952,73647409.41,2.82,2.09,1.02,1.22
2023-03-14,002345,50.45,48.17,52.07,47.75,213586,149523455.41,8.66,-3.49,-1.74,2.46
2023-03-15,002345,48.59,49.55,50.03,47.33,227800,156890024.92,5.61,2.86,1.38,2.63
2023-03-16,002345,49.55,51.77,53.09,49.07,327961,238892198.99,8.11,4.48,2.22,3.78
2023-03-17,002345,51.71,52.01,53.45,51.65,160589,119316412.32,3.48,0.46,0.24,1.85
2023-03-20,002345,52.19,50.75,52.25,50.69,152632,110383331.65,3.0,-2.42,-1.26,1.76
2023-03-21,002345,50.75,51.29,52.19,50.21,103825,75111422.32,3.9,1.06,0.54,1.2
2023-03-22,002345,51.23,50.57,51.41,48.53,249620,175035708.39,5.62,-1.4,-0.72,2.88
2023-03-23,002345,50.51,50.93,51.35,50.03,132204,94541641.68,2.61,0.71,0.36,1.52
2023-03-24,002345,50.69,50.93,52.13,50.69,101641,73812731.6,2.83,0.0,0.0,1.17
2023-03-27,002345,50.87,49.73,50.93,48.53,197046,136645864.0,4.71,-2.36,-1.2,2.27
2023-03-28,002345,49.73,50.27,50.75,48.71,133224,93429163.75,4.1,1.09,0.54,1.54
2023-03-29,002345,50.39,52.55,52.79,50.21,163110,119802443.0,5.13,4.54,2.28,1.88
2023-03-30,002345,52.55,52.55,53.33,51.65,108453,80669162.67,3.2,0.0,0.0,1.25
2023-03-31,002345,52.37,55.13,55.55,52.25,165991,129440349.33,6.28,4.91,2.58,1.91
2023-04-03,002345,54.65,56.09,58.31,53.87,330285,267138103.39,8.05,1.74,0.96,3.81
2023-04-04,002345,56.09,56.81,57.35,55.25,179878,145399126.0,3.74,1.28,0.72,2.07
2023-04-06,002345,56.75,57.05,58.97,56.69,199942,167087736.22,4.01,0.42,0.24,2.3
2023-04-07,002345,57.05,57.83,57.89,56.39,99900,82129263.0,2.63,1.37,0.78,1.15
2023-04-10,002345,57.71,58.85,60.23,57.11,168994,143841918.0,5.4,1.76,1.02,1.95
2023-04-11,002345,58.85,56.81,59.03,56.15,208279,170315608.0,4.89,-3.47,-2.04,2.4
2023-04-12,002345,56.33,56.27,57.29,55.67,139610,112965271.86,2.85,-0.95,-0.54,1.61
2023-04-13,002345,56.15,55.97,56.99,55.61,78723,63340387.02,2.45,-0.53,-0.3,0.91
2023-04-14,002345,56.21,55.31,56.39,54.95,104399,83101511.0,2.57,-1.18,-0.66,1.2
2023-04-17,002345,55.19,55.37,56.39,53.57,176006,138021783.0,5.1,0.11,0.06,2.03
2023-04-18,002345,55.19,56.99,57.23,54.83,162248,131035616.0,4.33,2.93,1.62,1.87
2023-04-19,002345,56.87,53.63,57.05,52.73,321647,248813734.7,7.58,-5.9,-3.36,3.71
2023-04-20,002345,53.15,53.99,54.65,52.85,149651,114575635.0,3.36,0.67,0.36,1.72
2023-04-21,002345,53.93,52.25,53.93,51.89,195883,145809780.0,3.78,-3.22,-1.74,2.26
2023-04-24,002345,52.19,51.23,52.25,50.81,152817,110668011.01,2.76,-1.95,-1.02,1.76
2023-04-25,002345,51.35,50.81,52.79,50.39,128634,93013868.0,4.68,-0.82,-0.42,1.48
2023-04-26,002345,50.75,50.99,51.53,49.55,143101,101540617.0,3.9,0.35,0.18,1.65
2023-04-27,002345,50.99,49.91,50.99,49.79,88134,62282393.0,2.35,-2.12,-1.08,1.02
2023-04-28,002345,50.21,54.05,54.11,50.15,234153,175925192.63,7.93,8.29,4.14,2.7
2023-05-04,002345,53.87,57.05,57.95,53.81,355036,286472524.8,7.66,5.55,3.0,4.09
2023-05-05,002345,56.99,52.49,57.47,52.37,355310,274039137.48,8.94,-7.99,-4.56,4.09
2023-05-08,002345,52.79,53.03,55.79,52.79,266884,206056921.3,5.72,1.03,0.54,3.08
2023-05-09,002345,53.27,52.37,55.13,52.31,222990,170152300.99,5.32,-1.24,-0.66,2.57
2023-05-10,002345,51.71,51.11,52.49,50.81,124533,90564268.88,3.21,-2.41,-1.26,1.44
2023-05-11,002345,51.05,52.01,52.73,50.99,93900,68954810.6,3.4,1.76,0.9,1.08
2023-05-12,002345,51.71,52.19,53.39,51.71,108618,80807539.75,3.23,0.35,0.18,1.25
2023-05-15,002345,51.83,52.31,52.43,50.51,120868,88096128.0,3.68,0.23,0.12,1.39
2023-05-16,002345,52.55,51.53,52.55,51.05,85694,62257702.36,2.87,-1.49,-0.78,0.99
2023-05-17,002345,51.35,51.47,51.89,50.99,81445,59256880.24,1.75,-0.12,-0.06,0.94
2023-05-18,002345,51.53,51.95,53.15,51.53,78509,57922350.24,3.15,0.93,0.48,0.9
2023-05-19,002345,51.53,50.99,51.83,50.27,103763,74515502.0,3.0,-1.85,-0.96,1.2
2023-05-22,002345,50.57,51.77,52.01,50.57,99609,72393076.5,2.82,1.53,0.78,1.15
2023-05-23,002345,51.77,50.33,52.07,50.09,107504,76888801.8,3.82,-2.78,-1.44,1.24
2023-05-24,002345,50.33,49.85,50.69,49.55,97903,68899823.01,2.27,-0.95,-0.48,1.13
2023-05-25,002345,50.03,49.67,50.03,48.71,114812,79459324.0,2.65,-0.36,-0.18,1.32
2023-05-26,002345,49.67,50.03,50.45,48.95,89353,62340456.0,3.02,0.72,0.36,1.03
2023-05-29,002345,50.03,49.31,50.27,48.41,143080,98189916.0,3.72,-1.44,-0.72,1.65
2023-05-30,002345,49.19,49.55,50.03,48.53,108821,75409878.0,3.04,0.49,0.24,1.25
2023-05-31,002345,49.67,50.51,50.81,49.55,113272,80120877.0,2.54,1.94,0.96,1.31
2023-06-01,002345,50.39,50.03,51.53,49.19,164009,115957352.42,4.63,-0.95,-0.48,1.89
2023-06-02,002345,50.33,50.57,51.53,49.85,110651,79068254.2,3.36,1.08,0.54,1.28
2023-06-05,002345,50.33,50.87,51.29,49.73,107173,76431817.0,3.08,0.59,0.3,1.24
2023-06-06,002345,50.93,50.45,51.29,50.33,90989,65149883.85,1.89,-0.83,-0.42,1.05
2023-06-07,002345,50.51,50.93,51.17,50.21,70024,48706728.0,1.9,0.95,0.48,0.81
2023-06-08,002345,50.99,50.69,51.11,50.15,81564,56530436.54,1.88,-0.47,-0.24,0.94
2023-06-09,002345,50.75,51.59,52.49,50.75,151751,107776969.0,3.43,1.78,0.9,1.75
2023-06-12,002345,51.65,53.51,54.17,51.05,176429,129135854.68,6.05,3.72,1.92,2.03
2023-06-13,002345,53.51,53.39,54.23,53.09,84800,62980466.0,2.13,-0.22,-0.12,0.98
2023-06-14,002345,53.57,55.19,55.43,53.57,138869,105625539.38,3.48,3.37,1.8,1.6
2023-06-15,002345,55.19,55.19,55.67,54.35,96526,73843133.0,2.39,0.0,0.0,1.11
2023-06-16,002345,55.37,54.35,56.33,54.11,98413,75009947.0,4.02,-1.52,-0.84,1.13
2023-06-19,002345,54.17,53.87,54.71,53.75,85801,64278301.0,1.77,-0.88,-0.48,0.99
2023-06-20,002345,53.75,53.69,54.47,53.33,83350,62215701.0,2.12,-0.33,-0.18,0.96
2023-06-21,002345,53.45,53.27,54.29,53.21,73932,54992901.6,2.01,-0.78,-0.42,0.85
2023-06-26,002345,53.27,52.79,53.69,52.61,68806,50544614.6,2.03,-0.9,-0.48,0.79
2023-06-27,002345,53.21,55.07,55.85,53.09,122884,93633490.0,5.23,4.32,2.28,1.42
2023-06-28,002345,55.25,55.61,56.33,53.45,143111,109758317.2,5.23,0.98,0.54,1.65
2023-06-29,002345,55.49,55.79,56.15,54.77,86160,66920351.32,2.48,0.32,0.18,0.99
2023-06-30,002345,55.79,56.21,56.87,55.61,84643,66636076.06,2.26,0.75,0.42,0.98
2023-07-03,002345,56.21,55.97,56.57,55.25,82162,64025489.0,2.35,-0.43,-0.24,0.95
2023-07-04,002345,55.97,55.01,56.21,54.59,116352,89566434.0,2.89,-1.72,-0.96,1.34
2023-07-05,002345,54.71,53.81,55.01,53.63,65780,49442794.92,2.51,-2.18,-1.2,0.76
2023-07-06,002345,53.75,52.91,54.77,52.61,77345,57252967.5,4.01,-1.67,-0.9,0.89
2023-07-07,002345,52.97,52.61,53.21,52.25,81645,59425029.09,1.81,-0.57,-0.3,0.94
2023-07-10,002345,52.85,53.33,53.39,52.25,73271,53563622.0,2.17,1.37,0.72,0.84
2023-07-11,002345,53.33,53.99,54.17,53.03,55050,40899430.0,2.14,1.24,0.66,0.63
2023-07-12,002345,54.17,53.69,54.89,53.15,72851,54566597.0,3.22,-0.56,-0.3,0.84
2023-07-13,002345,53.63,53.69,56.33,53.45,135253,103265130.42,5.36,0.0,0.0,1.56
2023-07-14,002345,53.51,50.03,53.69,49.25,486292,331349071.34,8.27,-6.82,-3.66,5.6
2023-07-17,002345,49.43,50.45,50.69,48.95,220163,150654200.86,3.48,0.84,0.42,2.54
2023-07-18,002345,50.27,48.65,50.33,48.47,195449,130604988.8,3.69,-3.57,-1.8,2.25
2023-07-19,002345,48.77,49.67,50.45,48.65,218843,147919443.0,3.7,2.1,1.02,2.52
2023-07-20,002345,49.67,49.85,50.33,49.31,118986,81026136.15,2.05,0.36,0.18,1.37
2023-07-21,002345,49.67,49.85,50.21,49.37,108142,73498225.04,1.69,0.0,0.0,1.25
2023-07-24,002345,49.67,49.49,49.97,49.13,65159,43966318.0,1.69,-0.72,-0.36,0.75
2023-07-25,002345,49.79,50.03,50.21,49.55,83899,57210238.64,1.33,1.09,0.54,0.97
2023-07-26,002345,50.03,49.97,50.27,49.19,91388,61980564.0,2.16,-0.12,-0.06,1.05
2023-07-27,002345,49.67,50.27,50.69,49.43,115233,79026290.12,2.52,0.6,0.3,1.33
2023-07-28,002345,50.21,50.87,51.77,49.91,124640,86922554.25,3.7,1.19,0.6,1.44
2023-07-31,002345,51.05,51.05,51.23,50.39,139065,96747640.0,1.65,0.35,0.18,1.6
2023-08-01,002345,51.05,51.05,51.41,50.45,122934,85644041.98,1.88,0.0,0.0,1.42
2023-08-02,002345,50.75,50.21,50.93,50.09,67228,46344112.24,1.65,-1.65,-0.84,0.77
2023-08-03,002345,49.97,49.37,50.15,49.25,88151,59628556.67,1.79,-1.67,-0.84,1.02
2023-08-04,002345,49.43,48.59,49.85,48.47,116041,77084924.0,2.8,-1.58,-0.78,1.34
2023-08-07,002345,48.41,47.69,48.65,47.33,125054,80791151.07,2.72,-1.85,-0.9,1.44
2023-08-08,002345,48.05,48.65,49.43,46.85,210795,137852560.62,5.41,2.01,0.96,2.43
2023-08-09,002345,48.53,47.51,48.65,47.39,129094,83311969.77,2.59,-2.34,-1.14,1.49
2023-08-10,002345,47.51,47.51,47.81,47.21,55852,35781452.76,1.26,0.0,0.0,0.64
2023-08-11,002345,47.51,46.25,47.51,46.13,105824,66236367.06,2.9,-2.65,-1.26,1.22
2023-08-14,002345,46.13,46.01,46.49,45.59,139088,85395572.82,1.95,-0.52,-0.24,1.6
2023-08-15,002345,45.95,45.95,46.37,45.53,120113,73775709.57,1.83,-0.13,-0.06,1.38
2023-08-16,002345,45.77,45.17,45.95,44.99,110559,66870871.82,2.09,-1.7,-0.78,1.27
2023-08-17,002345,45.17,45.89,46.37,44.93,153435,94052531.0,3.19,1.59,0.72,1.77
2023-08-18,002345,45.89,44.87,46.01,44.81,101613,61485685.8,2.61,-2.22,-1.02,1.17
2023-08-21,002345,44.87,44.81,45.47,44.69,76801,46072179.0,1.74,-0.13,-0.06,0.89
2023-08-22,002345,44.69,44.81,45.11,44.15,70664,41877358.35,2.14,0.0,0.0,0.81
2023-08-23,002345,44.81,44.51,45.53,44.33,124390,74229258.0,2.68,-0.67,-0.3,1.43
2023-08-24,002345,44.69,47.21,47.63,44.69,309450,193759215.44,6.61,6.07,2.7,3.57
2023-08-25,002345,47.15,45.95,47.15,44.75,246381,151887304.74,5.08,-2.67,-1.26,2.84
2023-08-28,002345,48.17,44.87,48.17,44.63,338303,205147635.79,7.7,-2.35,-1.08,3.9
2023-08-29,002345,44.75,45.71,45.95,44.39,190168,115168304.59,3.48,1.87,0.84,2.19
2023-08-30,002345,45.89,46.43,46.97,45.65,167487,104181019.55,2.89,1.58,0.72,1.93
2023-08-31,002345,46.37,46.31,46.91,46.01,112751,70391011.99,1.94,-0.26,-0.12,1.3
2023-09-01,002345,46.25,47.33,47.57,46.19,119961,75966396.92,2.98,2.2,1.02,1.38
2023-09-04,002345,47.27,48.89,49.25,47.09,231392,152464571.32,4.56,3.3,1.56,2.67
2023-09-05,002345,48.83,48.23,48.83,48.05,106708,69804898.36,1.6,-1.35,-0.66,1.23
2023-09-06,002345,48.11,47.45,48.23,47.15,91879,58845746.6,2.24,-1.62,-0.78,1.06
2023-09-07,002345,47.45,46.85,47.69,46.73,62583,39658961.64,2.02,-1.26,-0.6,0.72
2023-09-08,002345,46.55,46.79,47.03,46.55,41165,25922549.24,1.02,-0.13,-0.06,0.47
2023-09-11,002345,46.79,47.69,47.93,46.37,81200,52023196.0,3.33,1.92,0.9,0.94
2023-09-12,002345,47.69,47.21,47.81,47.15,39891,25480262.2,1.38,-1.01,-0.48,0.46
2023-09-13,002345,47.09,46.97,47.27,46.61,55376,34925367.97,1.4,-0.51,-0.24,0.64
2023-09-14,002345,46.85,48.35,48.53,46.67,147172,95324811.8,3.96,2.94,1.38,1.7
2023-09-15,002345,48.35,49.67,50.69,48.23,233883,158658188.72,5.09,2.73,1.32,2.7
2023-09-18,002345,49.25,49.73,49.91,48.53,143902,96255976.6,2.78,0.12,0.06,1.66
2023-09-19,002345,49.73,49.55,49.85,49.19,82986,55931857.86,1.33,-0.36,-0.18,0.96
2023-09-20,002345,50.39,49.25,50.45,49.01,73709,49491452.36,2.91,-0.61,-0.3,0.85
2023-09-21,002345,48.89,48.65,49.07,48.11,99681,65606256.6,1.95,-1.22,-0.6,1.15
2023-09-22,002345,48.53,48.53,48.89,48.17,48430,31825906.0,1.48,-0.25,-0.12,0.56
2023-09-25,002345,48.47,49.07,49.37,48.17,68676,45759774.8,2.47,1.11,0.54,0.79
2023-09-26,002345,49.07,48.77,49.25,47.93,122403,80725662.0,2.69,-0.61,-0.3,1.41
2023-09-27,002345,48.77,48.71,49.37,48.47,70083,46402034.0,1.85,-0.12,-0.06,0.81
2023-09-28,002345,48.65,48.95,49.13,48.23,84521,55737566.1,1.85,0.49,0.24,0.97
2023-10-09,002345,48.83,45.95,48.83,44.99,380671,233427473.12,7.84,-6.13,-3.0,4.39
2023-10-10,002345,46.49,45.83,46.67,45.77,99291,61270196.53,1.96,-0.26,-0.12,1.14
2023-10-11,002345,46.07,45.71,46.67,45.59,81941,50460749.62,2.36,-0.26,-0.12,0.94
2023-10-12,002345,45.77,46.13,46.31,45.59,77848,47878921.0,1.58,0.92,0.42,0.9
2023-10-13,002345,45.95,45.35,46.07,45.11,70740,42835263.08,2.08,-1.69,-0.78,0.82
2023-10-16,002345,45.53,46.19,46.67,45.47,93569,57757192.39,2.65,1.85,0.84,1.08
2023-10-17,002345,46.19,45.95,46.19,45.53,52823,32376489.0,1.43,-0.52,-0.24,0.61
2023-10-18,002345,45.95,45.47,45.95,45.35,39241,23869744.0,1.31,-1.04,-0.48,0.45
2023-10-19,002345,45.47,44.93,45.47,44.93,57891,34749102.4,1.19,-1.19,-0.54,0.67
2023-10-20,002345,44.81,44.81,45.23,44.69,43593,26030836.68,1.2,-0.27,-0.12,0.5
2023-10-23,002345,44.57,43.79,44.81,43.49,62583,36359274.0,2.95,-2.28,-1.02,0.72
2023-10-24,002345,43.79,44.39,44.75,43.55,65065,38264901.16,2.74,1.37,0.6,0.75
2023-10-25,002345,44.39,44.69,45.23,44.39,67580,40363737.3,1.89,0.68,0.3,0.78
2023-10-26,002345,44.27,44.87,45.23,43.79,64062,38059627.0,3.22,0.4,0.18,0.74
2023-10-27,002345,44.93,48.47,48.47,44.93,206913,132997422.37,7.89,8.02,3.6,2.38
2023-10-30,002345,49.07,47.93,49.19,47.69,241692,157998902.01,3.09,-1.11,-0.54,2.79
2023-10-31,002345,48.05,47.69,48.53,47.21,113926,73498900.0,2.75,-0.5,-0.24,1.31
2023-11-01,002345,47.33,47.39,47.93,47.09,93516,59625531.0,1.76,-0.63,-0.3,1.08
2023-11-02,002345,47.09,46.97,47.57,46.55,67318,42601693.0,2.15,-0.89,-0.42,0.78
2023-11-03,002345,47.15,47.15,47.33,46.73,64115,40699661.0,1.28,0.38,0.18,0.74
2023-11-06,002345,47.27,47.63,47.69,46.31,256473,161806032.68,2.93,1.02,0.48,2.96
2023-11-07,002345,47.39,47.33,47.45,46.61,154614,97705170.52,1.76,-0.63,-0.3,1.78
2023-11-08,002345,47.09,46.91,47.69,46.49,167213,105827380.0,2.54,-0.89,-0.42,1.93
2023-11-09,002345,47.03,46.61,47.03,46.37,84657,52947765.0,1.41,-0.64,-0.3,0.98
2023-11-10,002345,46.55,46.07,46.55,45.65,97649,60163821.5,1.93,-1.16,-0.54,1.13
2023-11-13,002345,46.13,46.37,46.43,45.89,78556,48646025.1,1.17,0.65,0.3,0.91
2023-11-14,002345,46.55,46.19,46.55,45.89,69835,43100599.56,1.42,-0.39,-0.18,0.8
2023-11-15,002345,46.61,46.67,47.03,46.31,100226,62838058.26,1.56,1.04,0.48,1.16
2023-11-16,002345,46.73,46.85,47.09,46.31,78281,49173592.0,1.67,0.39,0.18,0.9
2023-11-17,002345,46.97,47.63,47.69,46.73,116840,74587268.94,2.05,1.66,0.78,1.35
2023-11-20,002345,47.75,47.21,47.93,46.61,103201,65414378.15,2.77,-0.88,-0.42,1.19
2023-11-21,002345,47.21,46.73,47.99,46.43,204600,129570627.74,3.3,-1.02,-0.48,2.36
2023-11-22,002345,46.79,46.85,47.09,46.49,86278,54284864.4,1.28,0.26,0.12,0.99
2023-11-23,002345,46.79,46.79,46.91,46.49,61345,38454285.0,0.9,-0.13,-0.06,0.71
2023-11-24,002345,46.85,46.61,47.21,46.43,58530,36685216.0,1.67,-0.38,-0.18,0.67
2023-11-27,002345,46.79,46.55,46.79,46.07,75121,46761605.25,1.54,-0.13,-0.06,0.87
2023-11-28,002345,46.43,47.15,47.21,46.31,88935,56174442.75,1.93,1.29,0.6,1.02
2023-11-29,002345,47.45,47.81,48.35,47.33,181963,117752161.74,2.16,1.4,0.66,2.1
2023-11-30,002345,47.63,47.69,47.75,46.61,104540,66575087.47,2.38,-0.25,-0.12,1.2
2023-12-01,002345,47.69,48.23,48.47,47.45,99032,64405605.16,2.14,1.13,0.54,1.14
2023-12-04,002345,48.65,49.01,49.91,48.59,180161,120812106.2,2.74,1.62,0.78,2.08
2023-12-05,002345,48.83,48.65,49.55,48.11,146036,96643375.54,2.94,-0.73,-0.36,1.68
2023-12-06,002345,48.53,49.01,49.19,47.93,84850,56028872.0,2.59,0.74,0.36,0.98
2023-12-07,002345,49.01,49.19,49.25,48.71,57949,38554552.6,1.1,0.37,0.18,0.67
2023-12-08,002345,48.89,48.05,49.25,47.87,72852,47825596.0,2.81,-2.32,-1.14,0.84
2023-12-11,002345,47.81,48.11,48.23,47.63,63174,40955299.0,1.25,0.12,0.06,0.73
2023-12-12,002345,48.11,49.01,49.07,47.87,70483,46573510.5,2.49,1.87,0.9,0.81
2023-12-13,002345,48.95,48.65,49.07,48.59,44803,29664440.7,0.98,-0.73,-0.36,0.52
2023-12-14,002345,49.01,49.07,49.97,48.65,124412,83533372.04,2.71,0.86,0.42,1.43
2023-12-15,002345,49.07,49.13,49.61,48.77,109455,73218865.0,1.71,0.12,0.06,1.26
2023-12-18,002345,49.43,49.19,49.43,48.65,71632,47856019.6,1.59,0.12,0.06,0.83
2023-12-19,002345,49.13,49.19,50.03,48.95,108538,72849026.0,2.2,0.0,0.0,1.25
2023-12-20,002345,49.19,48.89,49.55,48.83,60893,40733391.24,1.46,-0.61,-0.3,0.7
2023-12-21,002345,48.65,49.13,49.19,48.41,56767,37667137.0,1.6,0.49,0.24,0.65
2023-12-22,002345,49.13,48.29,49.43,48.11,66597,43960155.52,2.69,-1.71,-0.84,0.77
2023-12-25,002345,48.17,48.53,48.71,47.69,69331,45364501.0,2.11,0.5,0.24,0.8
2023-12-26,002345,48.59,48.47,48.71,48.11,37693,24715313.0,1.24,-0.12,-0.06,0.43
2023-12-27,002345,48.35,48.95,49.01,48.11,46777,30751755.95,1.86,0.99,0.48,0.54
2023-12-28,002345,48.77,49.49,49.67,48.47,82777,55355856.11,2.45,1.1,0.54,0.95
2023-12-29,002345,49.43,49.91,50.09,49.25,68982,46813248.94,1.7,0.85,0.42,0.8
2024-01-02,002345,50.15,49.97,50.15,49.61,62637,42721161.64,1.08,0.12,0.06,0.72
2024-01-03,002345,49.73,49.31,49.91,48.95,53543,35888537.0,1.92,-1.32,-0.66,0.62
2024-01-04,002345,49.13,49.43,49.55,48.89,59064,39483453.36,1.34,0.24,0.12,0.68
2024-01-05,002345,49.37,49.73,50.81,49.25,129689,88813547.99,3.16,0.61,0.3,1.5
2024-01-08,002345,49.49,48.47,49.55,48.47,90527,60003095.86,2.17,-2.53,-1.26,1.04
2024-01-09,002345,48.65,49.97,50.21,48.35,113400,76484361.39,3.84,3.09,1.5,1.31
2024-01-10,002345,49.91,50.21,50.63,49.19,84156,57532895.9,2.88,0.48,0.24,0.97
2024-01-11,002345,50.09,51.05,51.29,49.79,108242,75121723.02,2.99,1.67,0.84,1.25
2024-01-12,002345,51.11,51.83,53.51,50.81,275912,199770576.17,5.29,1.53,0.78,3.18
2024-01-15,002345,51.83,53.27,53.75,51.59,187188,137211266.6,4.17,2.78,1.44,2.16
2024-01-16,002345,53.51,52.85,53.69,52.07,119292,86675614.0,3.04,-0.79,-0.42,1.38
2024-01-17,002345,52.67,52.13,53.03,52.07,123194,89201935.96,1.82,-1.36,-0.72,1.42
2024-01-18,002345,51.71,51.53,51.89,50.03,112593,78353249.12,3.57,-1.15,-0.6,1.3
2024-01-19,002345,51.53,52.01,52.37,51.23,85909,61221269.88,2.21,0.93,0.48,0.99
2024-01-22,002345,51.83,49.85,52.55,49.73,93981,65786809.5,5.42,-4.15,-2.16,1.08
2024-01-23,002345,49.67,49.61,49.91,48.05,99849,66377767.55,3.73,-0.48,-0.24,1.15
2024-01-24,002345,49.79,50.33,51.17,49.19,83270,57021699.65,3.99,1.45,0.72,0.96
2024-01-25,002345,50.21,51.11,51.59,49.97,101948,71001651.0,3.22,1.55,0.78,1.18
2024-01-26,002345,51.05,49.79,51.17,49.61,91488,62551071.0,3.05,-2.58,-1.32,1.05
2024-01-29,002345,49.73,49.97,50.87,49.13,144896,99495238.0,3.49,0.36,0.18,1.67
2024-01-30,002345,49.67,47.93,49.73,46.97,166602,109184261.0,5.52,-4.08,-2.04,1.92
2024-01-31,002345,47.81,46.31,47.99,46.01,164201,103278571.0,4.13,-3.38,-1.62,1.89
2024-02-01,002345,46.13,45.41,46.67,45.05,112098,68519601.0,3.5,-1.94,-0.9,1.29
2024-02-02,002345,45.47,44.57,46.73,43.61,122689,74604480.0,6.87,-1.85,-0.84,1.41
2024-02-05,002345,44.69,42.11,45.23,41.15,167733,94064681.69,9.15,-5.52,-2.46,1.93
2024-02-06,002345,41.51,45.05,45.35,39.77,238414,133859028.72,13.25,6.98,2.94,2.75
2024-02-07,002345,44.21,44.69,46.67,43.85,131145,79031080.73,6.26,-0.8,-0.36,1.51
2024-02-08,002345,44.81,46.55,46.85,44.51,112895,69199097.93,5.24,4.16,1.86,1.3
2024-02-19,002345,47.21,48.23,49.25,46.97,155611,101827864.03,4.9,3.61,1.68,1.79
2024-02-20,002345,47.81,48.05,48.23,47.51,46091,29879440.72,1.49,-0.37,-0.18,0.53
2024-02-21,002345,47.93,47.45,48.47,47.39,76351,49500113.0,2.25,-1.25,-0.6,0.88
2024-02-22,002345,47.45,46.61,47.81,46.19,119708,74887573.37,3.41,-1.77,-0.84,1.38
2024-02-23,002345,46.43,46.67,46.85,46.07,71963,44914152.76,1.67,0.13,0.06,0.83
2024-02-26,002345,46.79,46.67,47.63,46.07,122548,77138964.12,3.34,0.0,0.0,1.41
2024-02-27,002345,46.61,47.45,47.57,46.19,87230,55498556.0,2.96,1.67,0.78,1.01
2024-02-28,002345,47.63,45.35,47.63,45.17,155000,96926556.0,5.18,-4.43,-2.1,1.79
2024-02-29,002345,45.23,45.83,46.31,45.05,113203,69090630.0,2.78,1.06,0.48,1.31
2024-03-01,002345,45.65,45.77,46.25,45.41,94542,57836979.0,1.83,-0.13,-0.06,1.09
2024-03-04,002345,45.77,46.13,46.19,44.15,164437,99607088.73,4.46,0.79,0.36,1.9
2024-03-05,002345,46.01,45.77,46.73,45.71,131120,81323176.38,2.21,-0.78,-0.36,1.51
2024-03-06,002345,45.71,46.01,46.19,45.05,99861,61077914.0,2.49,0.52,0.24,1.15
2024-03-07,002345,45.77,46.73,47.21,45.77,144236,90514536.2,3.13,1.56,0.72,1.66
2024-03-08,002345,46.73,46.79,47.63,45.83,117810,73807714.0,3.85,0.13,0.06,1.36
2024-03-11,002345,47.15,47.99,48.29,46.79,164761,106050839.41,3.21,2.56,1.2,1.9
2024-03-12,002345,48.05,48.47,48.95,47.39,123668,80551056.0,3.25,1.0,0.48,1.43
2024-03-13,002345,48.41,47.99,48.53,47.45,85836,55569811.63,2.23,-0.99,-0.48,0.99
2024-03-14,002345,47.99,48.65,50.03,47.57,132281,88047489.32,5.13,1.38,0.66,1.53
2024-03-15,002345,48.53,49.31,49.37,48.05,88204,58402922.5,2.71,1.36,0.66,1.02
2024-03-18,002345,49.07,48.83,49.37,48.05,117202,77003510.74,2.68,-0.97,-0.48,1.35
2024-03-19,002345,48.65,48.17,48.95,48.11,73758,48450314.6,1.72,-1.35,-0.66,0.85
2024-03-20,002345,48.05,48.35,48.65,47.75,71263,46420077.22,1.87,0.37,0.18,0.82
2024-03-21,002345,48.83,49.07,49.37,48.35,107161,71181825.28,2.11,1.49,0.72,1.24
2024-03-22,002345,48.83,47.81,48.89,47.51,113676,73665155.0,2.81,-2.57,-1.26,1.31
2024-03-25,002345,47.87,47.51,48.53,47.51,77929,50545992.0,2.13,-0.63,-0.3,0.9
2024-03-26,002345,47.51,47.45,47.63,46.31,95002,60186055.0,2.78,-0.13,-0.06,1.1
2024-03-27,002345,47.27,47.21,47.93,46.97,68661,44063155.0,2.02,-0.51,-0.24,0.79
2024-03-28,002345,47.15,47.21,47.75,46.91,52072,33228023.5,1.78,0.0,0.0,0.6
2024-03-29,002345,47.51,49.19,49.91,47.45,193295,128204207.9,5.21,4.19,1.98,2.23
2024-04-01,002345,49.67,49.13,50.21,48.65,199878,134035777.2,3.17,-0.12,-0.06,2.3
2024-04-02,002345,48.71,48.83,49.25,48.65,95113,63122652.0,1.22,-0.61,-0.3,1.1
2024-04-03,002345,49.25,50.27,50.57,49.19,217412,148711491.28,2.83,2.95,1.44,2.51
2024-04-08,002345,51.05,50.45,52.13,50.03,282717,197992432.48,4.18,0.36,0.18,3.26
2024-04-09,002345,49.79,50.21,50.75,49.13,143653,97504377.0,3.21,-0.48,-0.24,1.66
2024-04-10,002345,50.27,50.81,51.95,49.61,204485,141542282.0,4.66,1.19,0.6,2.36
2024-04-11,002345,49.85,50.09,51.29,49.37,176266,121060078.98,3.78,-1.42,-0.72,2.03
2024-04-12,002345,50.99,52.49,53.33,50.21,427068,304831006.71,6.23,4.79,2.4,4.92
2024-04-15,002345,50.45,49.25,50.45,48.17,317215,212633685.88,4.34,-6.17,-3.24,3.66
2024-04-16,002345,49.13,46.01,49.13,45.83,233199,146933772.84,6.7,-6.58,-3.24,2.69
2024-04-17,002345,46.37,47.03,47.63,46.37,145019,91920565.0,2.74,2.22,1.02,1.67
2024-04-18,002345,46.61,46.43,47.03,45.95,122163,76259541.0,2.3,-1.28,-0.6,1.41
2024-04-19,002345,46.49,47.81,48.47,46.25,176805,113838827.0,4.78,2.97,1.38,2.04
2024-04-22,002345,47.27,46.37,47.75,46.13,129242,80980196.84,3.39,-3.01,-1.44,1.49
2024-04-23,002345,46.13,45.53,46.19,44.99,139640,84590630.16,2.59,-1.81,-0.84,1.61
2024-04-24,002345,45.23,45.77,46.07,45.23,104486,63683494.24,1.84,0.53,0.24,1.2
2024-04-25,002345,45.47,45.83,46.49,45.41,86338,53117166.0,2.36,0.13,0.06,1.0
2024-04-26,002345,45.71,45.95,46.13,45.23,101656,61969497.08,1.96,0.26,0.12,1.17
2024-04-29,002345,46.25,46.43,46.79,45.89,150353,93643286.0,1.96,1.04,0.48,1.73
2024-04-30,002345,46.67,46.31,47.03,45.95,145561,90670245.0,2.33,-0.26,-0.12,1.68
2024-05-06,002345,46.37,46.19,46.67,46.01,194784,121027448.0,1.43,-0.26,-0.12,2.25
2024-05-07,002345,46.31,45.77,46.67,45.77,187004,115522105.2,1.95,-0.91,-0.42,2.16
2024-05-08,002345,45.53,44.87,45.71,44.75,186279,111973477.16,2.1,-1.97,-0.9,2.15
2024-05-09,002345,44.75,45.05,45.29,44.33,165061,98848789.26,2.14,0.4,0.18,1.9
2024-05-10,002345,45.35,45.17,45.77,44.87,156359,94063181.0,2.0,0.27,0.12,1.8
2024-05-13,002345,44.93,44.33,44.99,43.97,170901,100621246.0,2.26,-1.86,-0.84,1.97
2024-05-14,002345,44.33,45.17,45.29,44.33,118526,70741067.62,2.17,1.89,0.84,1.37
2024-05-15,002345,45.23,45.23,45.71,44.93,140447,84909177.0,1.73,0.13,0.06,1.62
2024-05-16,002345,45.59,44.75,45.59,44.63,139546,83767318.25,2.12,-1.06,-0.48,1.61
2024-05-17,002345,44.75,44.81,44.87,44.33,116680,69068880.28,1.21,0.13,0.06,1.35
2024-05-20,002345,45.35,45.83,45.95,45.17,238623,145269442.0,1.74,2.28,1.02,2.75
2024-05-21,002345,45.47,45.11,45.53,44.87,151044,90870539.0,1.44,-1.57,-0.72,1.74
2024-05-22,002345,45.05,44.93,45.17,44.75,96241,57626326.0,0.93,-0.4,-0.18,1.11
2024-05-23,002345,44.45,43.85,44.45,43.73,163044,95064661.22,1.6,-2.4,-1.08,1.88
2024-05-24,002345,43.61,43.61,44.09,43.31,116624,67223428.0,1.78,-0.55,-0.24,1.34
2024-05-27,002345,44.15,44.09,44.45,43.55,119657,69472028.6,2.06,1.1,0.48,1.38
2024-05-28,002345,44.09,43.79,44.09,43.55,87222,50540335.0,1.22,-0.68,-0.3,1.01
2024-05-29,002345,43.85,44.45,44.51,43.73,119830,70326414.8,1.78,1.51,0.66,1.38
2024-05-30,002345,44.21,43.85,44.45,43.67,93866,54696233.79,1.75,-1.35,-0.6,1.08
2024-05-31,002345,43.79,43.85,44.21,43.73,94507,54885485.0,1.09,0.0,0.0,1.09
2024-06-03,002345,43.73,43.49,43.85,43.37,81674,47021883.98,1.09,-0.82,-0.36,0.94
2024-06-04,002345,43.49,43.97,44.03,43.19,121271,69836111.0,1.93,1.1,0.48,1.4
2024-06-05,002345,43.91,43.91,44.21,43.61,90194,52585921.82,1.36,-0.14,-0.06,1.04
2024-06-06,002345,44.09,42.53,44.15,42.17,163466,88122281.6,4.51,-3.14,-1.38,1.88
2024-06-07,002345,42.77,43.31,43.43,42.77,88501,48069911.86,1.55,1.83,0.78,1.02
2024-06-11,002345,42.83,43.25,43.37,42.59,56066,30306629.0,1.8,-0.14,-0.06,0.65
2024-06-12,002345,43.19,43.55,43.61,43.19,43341,23756249.0,0.97,0.69,0.3,0.5
2024-06-13,002345,43.61,42.35,43.73,42.29,104832,56371181.7,3.31,-2.76,-1.2,1.21
2024-06-14,002345,42.41,41.99,42.59,41.63,84452,44321318.0,2.27,-0.85,-0.36,0.97
2024-06-17,002345,41.93,41.21,42.05,41.03,111157,57282781.2,2.43,-1.86,-0.78,1.28
2024-06-18,002345,41.15,41.33,41.45,41.09,60652,31094372.62,0.87,0.29,0.12,0.7
2024-06-19,002345,41.33,41.21,41.51,41.15,42720,21889387.0,0.87,-0.29,-0.12,0.49
2024-06-20,002345,41.21,40.61,41.39,40.31,89524,44990519.0,2.62,-1.46,-0.6,1.03
2024-06-21,002345,40.67,40.73,41.09,40.61,60273,30439828.4,1.18,0.3,0.12,0.69
2024-06-24,002345,40.43,39.89,40.67,39.41,77112,37764761.0,3.09,-2.06,-0.84,0.89
2024-06-25,002345,39.89,40.01,40.25,39.65,48996,24022649.0,1.5,0.3,0.12,0.56
2024-06-26,002345,39.95,40.13,40.25,39.65,80295,39374674.53,1.5,0.3,0.12,0.93
2024-06-27,002345,39.95,39.11,40.07,39.05,88689,42655659.0,2.54,-2.54,-1.02,1.02
2024-06-28,002345,39.11,38.87,39.41,38.69,97666,46455912.0,1.84,-0.61,-0.24,1.13
2024-07-01,002345,38.93,39.47,39.53,38.57,98333,46788731.86,2.47,1.54,0.6,1.13
2024-07-02,002345,39.41,39.53,39.83,39.23,53703,25954330.0,1.52,0.15,0.06,0.62
2024-07-03,002345,39.71,39.17,39.83,39.05,69669,33539306.6,1.97,-0.91,-0.36,0.8
2024-07-04,002345,39.35,38.45,39.35,38.03,67231,31599231.0,3.37,-1.84,-0.72,0.78
2024-07-05,002345,38.33,39.05,39.17,38.15,61834,28976538.0,2.65,1.56,0.6,0.71
2024-07-08,002345,39.17,38.15,39.17,37.97,61019,28296392.0,3.07,-2.3,-0.9,0.7
2024-07-09,002345,38.09,37.85,38.15,36.89,163317,73159888.55,3.3,-0.79,-0.3,1.88
2024-07-10,002345,37.85,37.37,38.27,37.31,83389,37763342.0,2.54,-1.27,-0.48,0.96
2024-07-11,002345,37.85,38.15,38.15,37.61,109028,49755162.0,1.45,2.09,0.78,1.26
2024-07-12,002345,38.33,37.85,38.57,37.73,77166,35349101.0,2.2,-0.79,-0.3,0.89
2024-07-15,002345,37.91,37.37,37.91,37.31,78606,35272894.0,1.59,-1.27,-0.48,0.91
2024-07-16,002345,37.43,37.19,37.55,37.07,94122,42015566.5,1.28,-0.48,-0.18,1.09
2024-07-17,002345,37.25,37.43,37.61,37.19,97435,43665284.0,1.13,0.65,0.24,1.12
2024-07-18,002345,37.19,37.25,37.31,36.77,63924,28218262.8,1.44,-0.48,-0.18,0.74
2024-07-19,002345,37.13,36.59,37.13,36.41,87426,38075547.0,1.93,-1.77,-0.66,1.01
2024-07-22,002345,36.53,36.35,36.65,36.11,73632,31687197.0,1.48,-0.66,-0.24,0.85
2024-07-23,002345,36.29,35.63,36.47,35.57,87680,37104761.0,2.48,-1.98,-0.72,1.01
2024-07-24,002345,35.57,35.09,35.69,34.97,103449,42566167.0,2.02,-1.52,-0.54,1.19
2024-07-25,002345,34.91,34.97,35.27,34.67,80659,32794499.0,1.71,-0.34,-0.12,0.93
2024-07-26,002345,34.97,35.63,35.69,34.91,88410,36690510.56,2.23,1.89,0.66,1.02
2024-07-29,002345,35.75,35.87,35.99,35.33,82420,34594300.0,1.85,0.67,0.24,0.95
2024-07-30,002345,35.75,36.11,36.23,35.39,63089,26653982.0,2.34,0.67,0.24,0.73
2024-07-31,002345,36.11,37.19,37.25,35.93,88517,38830790.63,3.66,2.99,1.08,1.02
2024-08-01,002345,37.25,36.65,37.43,36.53,97948,42953750.6,2.42,-1.45,-0.54,1.13
2024-08-02,002345,36.41,36.65,36.83,36.29,82950,36085007.2,1.47,0.0,0.0,0.96
2024-08-05,002345,36.35,36.47,37.07,36.23,80406,35067126.0,2.29,-0.49,-0.18,0.93
2024-08-06,002345,36.47,36.95,37.13,36.47,70733,30936747.0,1.81,1.32,0.48,0.82
2024-08-07,002345,36.77,36.65,36.83,36.47,62631,27201949.0,0.97,-0.81,-0.3,0.72
2024-08-08,002345,36.59,37.19,37.37,36.47,85835,37835903.0,2.46,1.47,0.54,0.99
2024-08-09,002345,37.25,37.01,37.55,37.01,70666,31498586.23,1.45,-0.48,-0.18,0.81
2024-08-12,002345,36.95,36.71,37.07,36.65,51257,22389604.27,1.13,-0.81,-0.3,0.59
2024-08-13,002345,36.89,36.65,36.95,36.35,62094,26968431.0,1.63,-0.16,-0.06,0.72
2024-08-14,002345,36.65,36.11,36.77,36.05,63860,27343229.0,1.96,-1.47,-0.54,0.74
2024-08-15,002345,36.05,36.23,36.47,35.93,62773,26838449.0,1.5,0.33,0.12,0.72
2024-08-16,002345,36.35,35.75,36.59,35.75,84678,36060989.0,2.32,-1.32,-0.48,0.98
2024-08-19,002345,35.75,36.23,36.65,35.63,104032,44596493.86,2.85,1.34,0.48,1.2
2024-08-20,002345,36.41,35.45,36.41,35.33,88938,37240115.0,2.98,-2.15,-0.78,1.03
2024-08-21,002345,35.45,35.51,35.75,35.39,45695,19020928.0,1.02,0.17,0.06,0.53
2024-08-22,002345,35.39,35.27,35.51,35.09,59110,24352376.0,1.18,-0.68,-0.24,0.68
2024-08-23,002345,35.15,35.09,35.45,34.97,74260,30373698.0,1.36,-0.51,-0.18,0.86
2024-08-26,002345,35.15,35.27,35.39,34.91,70069,28711409.4,1.37,0.51,0.18,0.81
2024-08-27,002345,35.33,34.97,35.39,34.91,79190,32382759.0,1.36,-0.85,-0.3,0.91
2024-08-28,002345,36.23,37.43,37.43,35.69,250531,109547255.86,4.98,7.03,2.46,2.89
2024-08-29,002345,37.55,37.37,37.79,36.95,377921,168335004.93,2.24,-0.16,-0.06,4.36
2024-08-30,002345,37.19,37.43,37.61,36.95,264271,118078343.0,1.77,0.16,0.06,3.05
2024-09-02,002345,37.25,36.83,37.49,36.83,144392,63963332.52,1.76,-1.6,-0.6,1.67
2024-09-03,002345,36.77,37.73,38.03,36.71,227400,101619849.9,3.58,2.44,0.9,2.62
2024-09-04,002345,37.55,38.15,38.93,37.37,261099,120970302.79,4.13,1.11,0.42,3.01
2024-09-05,002345,38.33,38.27,38.69,37.91,159687,73604738.0,2.04,0.31,0.12,1.84
2024-09-06,002345,38.15,37.85,38.39,37.79,88436,40536706.0,1.57,-1.1,-0.42,1.02
2024-09-09,002345,37.61,37.85,38.27,37.61,79764,36344682.0,1.74,0.0,0.0,0.92
2024-09-10,002345,37.85,37.85,38.03,37.25,80347,36229151.7,2.06,0.0,0.0,0.93
2024-09-11,002345,37.79,37.73,37.97,37.43,67395,30497963.1,1.43,-0.32,-0.12,0.78
2024-09-12,002345,37.91,37.49,37.97,37.37,57453,25942511.0,1.59,-0.64,-0.24,0.66
2024-09-13,002345,37.79,37.07,37.91,37.01,73432,32809908.5,2.4,-1.12,-0.42,0.85
2024-09-18,002345,36.95,36.77,37.13,36.23,90538,39419275.92,2.43,-0.81,-0.3,1.04
2024-09-19,002345,36.83,37.61,37.73,36.77,120693,53902842.68,2.61,2.28,0.84,1.39
2024-09-20,002345,37.85,37.37,37.85,37.07,82072,36517795.13,2.07,-0.64,-0.24,0.95
2024-09-23,002345,37.37,36.71,37.73,36.53,183134,80394850.0,3.21,-1.77,-0.66,2.11
2024-09-24,002345,36.95,37.73,37.73,36.83,157209,70085076.0,2.45,2.78,1.02,1.81
2024-09-25,002345,38.15,38.09,38.81,37.85,176462,81749080.54,2.54,0.95,0.36,2.04
2024-09-26,002345,38.09,39.65,39.77,37.97,201894,95444033.64,4.73,4.1,1.56,2.33
2024-09-27,002345,40.19,41.15,41.93,40.13,281744,142188301.76,4.54,3.78,1.5,3.25
2024-09-30,002345,42.23,44.15,44.15,41.39,348743,188406301.77,6.71,7.29,3.0,4.02
2024-10-08,002345,47.51,44.51,47.51,42.65,453189,258712101.68,11.01,0.82,0.36,5.23
2024-10-09,002345,43.31,41.33,43.31,41.21,281292,148531102.63,4.72,-7.14,-3.18,3.24
2024-10-10,002345,41.57,41.75,42.59,40.79,212198,110670237.93,4.36,1.02,0.42,2.45
2024-10-11,002345,41.93,41.45,42.71,41.27,145139,74321407.48,3.45,-0.72,-0.3,1.67
2024-10-14,002345,41.75,41.75,41.93,40.91,126081,63752171.98,2.46,0.72,0.3,1.45
2024-10-15,002345,41.57,41.15,41.75,41.15,108875,54856695.0,1.44,-1.44,-0.6,1.26
2024-10-16,002345,40.85,41.15,41.45,40.67,94341,47067375.0,1.9,0.0,0.0,1.09
2024-10-17,002345,41.21,40.67,41.39,40.61,107090,53269264.95,1.9,-1.17,-0.48,1.24
2024-10-18,002345,40.67,41.03,41.45,40.49,136222,67615222.81,2.36,0.89,0.36,1.57
2024-10-21,002345,41.21,41.03,41.45,40.85,160357,80082384.84,1.46,0.0,0.0,1.85
2024-10-22,002345,41.03,41.75,42.05,40.85,170528,86115360.7,2.92,1.75,0.72,1.97
2024-10-23,002345,41.81,41.87,42.11,41.45,159983,81703076.0,1.58,0.29,0.12,1.85
2024-10-24,002345,41.75,41.15,41.81,41.03,129908,65325685.0,1.86,-1.72,-0.72,1.5
2024-10-25,002345,41.27,41.45,41.51,41.15,109259,54975805.4,0.87,0.73,0.3,1.26
2024-10-28,002345,41.39,42.11,42.11,41.39,143841,73545419.45,1.74,1.59,0.66,1.66
2024-10-29,002345,42.23,41.33,42.35,41.21,148524,75440437.0,2.71,-1.85,-0.78,1.71
2024-10-30,002345,41.33,40.73,41.33,40.31,201014,99158768.0,2.47,-1.45,-0.6,2.32
2024-10-31,002345,40.61,40.79,40.97,40.43,141300,69783240.2,1.33,0.15,0.06,1.63
2024-11-01,002345,40.61,40.13,40.67,40.01,165863,80751854.78,1.62,-1.62,-0.66,1.91
2024-11-04,002345,40.31,40.31,40.37,40.01,128449,62074905.0,0.9,0.45,0.18,1.48
2024-11-05,002345,40.31,40.85,40.91,40.19,174594,85742182.21,1.79,1.34,0.54,2.01
2024-11-06,002345,40.91,41.27,41.45,40.67,231671,115586011.0,1.91,1.03,0.42,2.67
2024-11-07,002345,40.97,42.23,42.23,40.91,231998,118553018.92,3.2,2.33,0.96,2.68
2024-11-08,002345,42.41,41.75,42.59,41.51,252466,129262339.42,2.56,-1.14,-0.48,2.91
2024-11-11,002345,41.57,41.93,41.93,41.27,192887,97838143.96,1.58,0.43,0.18,2.22
2024-11-12,002345,41.99,41.87,42.59,41.63,276621,143197118.92,2.29,-0.14,-0.06,3.19
2024-11-13,002345,41.75,41.99,42.17,41.33,168686,86074611.0,2.01,0.29,0.12,1.95
2024-11-14,002345,41.93,41.39,41.99,41.33,140036,71235776.31,1.57,-1.43,-0.6,1.62
2024-11-15,002345,41.33,41.09,41.81,41.03,161111,81361419.94,1.88,-0.72,-0.3,1.86
2024-11-18,002345,41.15,41.69,42.17,40.85,273690,138954185.46,3.21,1.46,0.6,3.16
2024-11-19,002345,41.51,42.65,42.71,41.51,291081,151278083.82,2.88,2.3,0.96,3.36
2024-11-20,002345,42.53,42.77,42.77,42.05,175340,91413375.36,1.69,0.28,0.12,2.02
2024-11-21,002345,42.65,42.35,42.89,41.93,154294,80189281.0,2.24,-0.98,-0.42,1.78
2024-11-22,002345,42.29,41.45,42.83,41.39,158063,81180293.8,3.4,-2.13,-0.9,1.82
2024-11-25,002345,41.39,41.93,42.17,41.27,151655,77504831.41,2.17,1.16,0.48,1.75
2024-11-26,002345,41.75,43.85,44.03,41.75,530100,283251755.0,5.44,4.58,1.92,6.11
2024-11-27,002345,43.37,43.73,43.79,42.59,356381,190275284.04,2.74,-0.27,-0.12,4.11
2024-11-28,002345,44.33,44.03,45.35,43.85,526350,293457411.0,3.43,0.69,0.3,6.07
2024-11-29,002345,45.05,45.11,45.89,44.45,495321,280132829.51,3.27,2.45,1.08,5.71
2024-12-02,002345,45.11,45.59,46.31,44.69,562226,320465330.3,3.59,1.06,0.48,6.48
2024-12-03,002345,45.35,44.81,45.95,44.51,446346,251998145.84,3.16,-1.71,-0.78,5.15
2024-12-04,002345,44.75,43.73,44.81,43.55,360687,198559869.0,2.81,-2.41,-1.08,4.16
2024-12-05,002345,43.55,45.71,46.97,43.31,1072862,620589869.85,8.37,4.53,1.98,12.37
2024-12-06,002345,45.41,46.01,46.61,44.57,781167,449092772.59,4.46,0.66,0.3,9.01
2024-12-09,002345,45.95,45.17,46.31,44.93,431805,247387618.5,3.0,-1.83,-0.84,4.98
2024-12-10,002345,46.13,45.77,47.21,45.47,511599,298289667.84,3.85,1.33,0.6,5.9
2024-12-11,002345,45.53,46.79,47.45,45.53,477323,282358588.97,4.19,2.23,1.02,5.5
2024-12-12,002345,46.73,47.09,47.27,46.31,378243,225493112.6,2.05,0.64,0.3,4.36
2024-12-13,002345,47.09,46.43,47.15,46.25,304377,179605788.74,1.91,-1.4,-0.66,3.51
2024-12-16,002345,46.37,46.37,47.45,45.89,358333,211607925.92,3.36,-0.13,-0.06,4.13
2024-12-17,002345,46.31,44.57,46.31,44.33,448535,252438580.8,4.27,-3.88,-1.8,5.17
2024-12-18,002345,44.63,44.21,44.75,43.91,224894,124497564.0,1.88,-0.81,-0.36,2.59
2024-12-19,002345,43.91,44.15,44.33,43.49,175154,95806040.0,1.9,-0.14,-0.06,2.02
2024-12-20,002345,44.09,44.51,45.29,43.97,181958,101825292.0,2.99,0.82,0.36,2.1
2024-12-23,002345,44.03,42.59,44.45,42.53,311003,166252673.76,4.31,-4.31,-1.92,3.59
2024-12-24,002345,42.77,43.49,43.67,42.77,267383,143066565.33,2.11,2.11,0.9,3.08
2024-12-25,002345,44.45,44.27,45.47,43.25,331186,182650542.71,5.1,1.79,0.78,3.82
2024-12-26,002345,43.91,44.69,45.89,43.91,322991,182243611.27,4.47,0.95,0.42,3.73
2024-12-27,002345,44.51,44.45,44.75,43.97,216751,119958365.23,1.75,-0.54,-0.24,2.5
2024-12-30,002345,44.15,43.79,44.45,43.37,178535,96712587.75,2.43,-1.48,-0.66,2.06
2024-12-31,002345,43.97,46.01,47.03,43.91,977096,576414788.53,7.12,5.07,2.22,11.27
2025-01-02,002345,45.41,47.93,48.17,45.41,1302022,771365258.06,6.0,4.17,1.92,15.02
2025-01-03,002345,46.85,44.87,46.91,44.27,796209,454662479.22,5.51,-6.38,-3.06,9.18
2025-01-06,002345,44.15,43.79,44.99,43.13,471357,257001953.0,4.15,-2.41,-1.08,5.44
2025-01-07,002345,43.67,43.73,44.27,42.65,378869,203314755.51,3.7,-0.14,-0.06,4.37
2025-01-08,002345,43.31,43.07,43.43,41.81,422735,221515009.64,3.7,-1.51,-0.66,4.88
2025-01-09,002345,42.83,42.29,43.13,42.05,276629,144414036.81,2.51,-1.81,-0.78,3.19
2025-01-10,002345,42.17,40.37,42.35,40.31,373179,186490400.9,4.82,-4.54,-1.92,4.3
2025-01-13,002345,39.95,39.65,40.07,39.23,312877,148033474.69,2.08,-1.78,-0.72,3.61
2025-01-14,002345,40.85,41.03,41.15,40.13,298348,146836086.72,2.57,3.48,1.38,3.44
2025-01-15,002345,40.97,41.33,41.81,40.91,268665,135517931.47,2.19,0.73,0.3,3.1
2025-01-16,002345,41.51,42.05,43.25,41.45,352269,183957114.17,4.36,1.74,0.72,4.06
2025-01-17,002345,41.99,41.39,42.11,41.21,207973,105218485.92,2.14,-1.57,-0.66,2.4
2025-01-20,002345,41.57,41.99,42.11,41.33,211680,108000366.26,1.88,1.45,0.6,2.44
2025-01-21,002345,42.17,41.69,42.23,41.27,164093,83222266.87,2.29,-0.71,-0.3,1.89
2025-01-22,002345,41.63,41.27,41.63,41.03,137806,69068943.96,1.44,-1.01,-0.42,1.59
2025-01-23,002345,41.51,41.39,42.05,41.39,197381,100449986.88,1.6,0.29,0.12,2.28
2025-01-24,002345,41.45,41.93,42.11,41.03,193935,98710893.8,2.61,1.3,0.54,2.24
2025-01-27,002345,42.05,41.93,42.53,41.93,188975,97918890.49,1.43,0.0,0.0,2.18
2025-02-05,002345,42.29,42.59,43.01,41.81,275597,143588731.48,2.86,1.57,0.66,3.18
2025-02-06,002345,42.35,42.53,42.65,42.11,176335,91853587.6,1.27,-0.14,-0.06,2.03
2025-02-07,002345,42.41,42.59,42.83,42.23,223815,116967875.63,1.41,0.14,0.06,2.58
2025-02-10,002345,42.53,43.49,43.55,42.41,264985,141328625.68,2.68,2.11,0.9,3.06
2025-02-11,002345,43.55,45.11,45.71,43.55,530507,299335965.19,4.97,3.72,1.62,6.12
2025-02-12,002345,44.87,44.99,44.99,44.21,255471,142802265.39,1.73,-0.27,-0.12,2.95
2025-02-13,002345,44.75,44.93,45.17,44.27,175914,98353970.64,2.0,-0.13,-0.06,2.03
2025-02-14,002345,44.87,45.53,45.65,44.81,241200,137580866.02,1.87,1.34,0.6,2.78
2025-02-17,002345,45.77,46.43,48.11,45.77,529142,315779215.72,5.14,1.98,0.9,6.1
2025-02-18,002345,46.31,45.65,46.91,45.65,245540,143125662.25,2.71,-1.68,-0.78,2.83
2025-02-19,002345,46.07,48.95,49.13,46.07,736541,453219262.87,6.7,7.23,3.3,8.5
2025-02-20,002345,48.65,50.75,51.11,48.41,635011,412565834.78,5.52,3.68,1.8,7.32
2025-02-21,002345,50.57,49.01,50.75,48.89,497042,318545161.13,3.67,-3.43,-1.74,5.73
2025-02-24,002345,48.95,50.75,51.59,48.77,372155,243894394.77,5.75,3.55,1.74,4.29
2025-02-25,002345,50.51,52.13,53.27,50.21,472694,322806813.83,6.03,2.72,1.38,5.45
2025-02-26,002345,51.83,51.41,52.55,51.23,218018,147432151.26,2.53,-1.38,-0.72,2.51
2025-02-27,002345,51.83,52.73,53.39,51.47,322206,222769708.73,3.73,2.57,1.32,3.72
2025-02-28,002345,52.43,50.81,52.73,50.69,259747,174531031.86,3.87,-3.64,-1.92,3.0
2025-03-03,002345,50.87,50.69,51.89,50.27,193743,128998156.28,3.19,-0.24,-0.12,2.23
2025-03-04,002345,50.45,51.89,52.31,49.91,208060,139987245.0,4.73,2.37,1.2,2.4
2025-03-05,002345,52.01,55.49,55.97,51.89,468889,338316831.31,7.86,6.94,3.6,5.41
2025-03-06,002345,55.49,58.07,58.67,54.89,541432,413306818.26,6.81,4.65,2.58,6.24
2025-03-07,002345,58.01,56.57,59.09,56.21,319256,244963190.35,4.96,-2.58,-1.5,3.68
2025-03-10,002345,56.75,56.21,57.47,55.67,204053,154292973.97,3.18,-0.64,-0.36,2.35
2025-03-11,002345,56.03,58.61,59.45,54.83,395987,303472221.89,8.22,4.27,2.4,4.57
2025-03-12,002345,59.15,63.35,63.35,58.85,536447,451620492.2,7.68,8.09,4.74,6.19
2025-03-13,002345,63.35,65.45,68.57,62.99,912758,835105124.13,8.81,3.31,2.1,10.53
2025-03-14,002345,66.41,65.09,67.43,63.41,621179,553908182.37,6.14,-0.55,-0.36,7.16
2025-03-17,002345,65.15,63.05,66.71,62.57,494495,433382707.82,6.36,-3.13,-2.04,5.7
2025-03-18,002345,63.29,65.33,65.75,61.85,704224,621526579.05,6.19,3.62,2.28,8.12
2025-03-19,002345,64.01,63.53,65.39,62.87,484447,424406906.86,3.86,-2.76,-1.8,5.59
2025-03-20,002345,63.05,63.41,64.49,62.69,282082,244976860.61,2.83,-0.19,-0.12,3.25
2025-03-21,002345,62.75,60.17,63.23,59.87,495259,411261097.33,5.3,-5.11,-3.24,5.71
2025-03-24,002345,59.93,59.99,60.35,58.73,227139,182927324.88,2.69,-0.3,-0.18,2.62
2025-03-25,002345,59.99,58.91,60.05,58.67,146974,117984008.06,2.3,-1.8,-1.08,1.7
2025-03-26,002345,59.03,57.71,59.15,57.47,170535,133474880.33,2.85,-2.04,-1.2,1.97
2025-03-27,002345,57.47,59.75,62.15,57.41,370697,302931267.31,8.21,3.53,2.04,4.28
2025-03-28,002345,60.17,60.11,61.01,59.45,247297,202286208.76,2.61,0.6,0.36,2.85
2025-03-31,002345,59.57,59.93,60.53,58.31,191284,154535098.75,3.69,-0.3,-0.18,2.21
2025-04-01,002345,60.17,61.07,62.03,59.27,302449,250375913.94,4.61,1.9,1.14,3.49
2025-04-02,002345,61.55,64.25,65.75,61.07,446673,393358352.02,7.66,5.21,3.18,5.15
2025-04-03,002345,63.41,64.01,64.85,63.11,269594,236976688.97,2.71,-0.37,-0.24,3.11
2025-04-07,002345,59.15,58.73,60.17,58.73,190875,152046748.07,2.25,-8.25,-5.28,2.2
2025-04-08,002345,56.75,57.41,58.61,55.07,306573,233691442.0,6.03,-2.25,-1.32,3.54
2025-04-09,002345,56.21,60.11,60.83,53.51,275323,211993763.69,12.75,4.7,2.7,3.18
2025-04-10,002345,60.89,61.25,62.39,60.41,225038,187691961.49,3.29,1.9,1.14,2.6
2025-04-11,002345,61.85,64.31,65.57,61.85,376474,333494086.2,6.07,5.0,3.06,4.34
2025-04-14,002345,64.31,68.45,68.45,64.31,407960,375520434.1,6.44,6.44,4.14,4.71
2025-04-15,002345,67.91,67.37,68.45,65.03,322218,300552561.75,5.0,-1.58,-1.08,3.72
2025-04-16,002345,68.33,65.09,68.69,64.43,238313,217252832.58,6.32,-3.38,-2.28,2.75
2025-04-17,002345,64.85,63.17,66.05,62.81,329854,289607186.8,4.98,-2.95,-1.92,3.8
2025-04-18,002345,62.45,63.29,64.01,61.49,249178,213770304.74,3.99,0.19,0.12,2.87
2025-04-21,002345,63.77,68.51,68.51,62.75,331754,309426223.66,9.1,8.25,5.22,3.83
2025-04-22,002345,70.31,70.13,72.95,68.27,594552,587651577.92,6.83,2.36,1.62,6.86
2025-04-23,002345,67.43,65.39,69.59,65.15,559217,522268101.83,6.33,-6.76,-4.74,6.45
2025-04-24,002345,66.47,64.85,66.83,64.07,357740,323196019.43,4.22,-0.83,-0.54,4.13
2025-04-25,002345,64.91,65.27,66.77,63.95,263316,237921924.14,4.35,0.65,0.42,3.04
2025-04-28,002345,65.09,68.09,68.75,64.01,357387,329136263.46,7.26,4.32,2.82,4.12
2025-04-29,002345,69.23,73.79,73.79,69.17,999729,1036916333.9,6.79,8.37,5.7,11.53
2025-04-30,002345,72.41,70.49,73.43,69.83,702328,703907336.3,4.88,-4.47,-3.3,8.1
2025-05-06,002345,70.85,73.55,74.45,70.55,570808,587589328.11,5.53,4.34,3.06,6.58
2025-05-07,002345,73.49,70.55,73.55,70.07,445226,447830195.26,4.73,-4.08,-3.0,5.14
2025-05-08,002345,69.47,67.73,71.03,67.61,449571,433634504.34,4.85,-4.0,-2.82,5.19
2025-05-09,002345,67.55,69.71,70.13,67.31,368754,355316933.59,4.16,2.92,1.98,4.25
2025-05-12,002345,67.73,67.13,68.39,65.33,377055,351096396.79,4.39,-3.7,-2.58,4.35
2025-05-13,002345,66.35,68.15,69.11,65.21,352300,330394180.2,5.81,1.52,1.02,4.06
2025-05-14,002345,67.55,68.21,68.75,66.23,274916,258557379.76,3.7,0.09,0.06,3.17
2025-05-15,002345,67.43,66.83,67.73,65.21,268959,248146985.0,3.69,-2.02,-1.38,3.1
2025-05-16,002345,67.25,70.67,72.41,67.25,526815,526021143.28,7.72,5.75,3.84,6.08
2025-05-19,002345,71.03,72.65,73.49,70.85,453537,462226403.48,3.74,2.8,1.98,5.23
2025-05-20,002345,72.71,78.83,78.83,72.59,546332,606450636.24,8.59,8.51,6.18,6.3
2025-05-21,002345,80.75,84.47,85.61,79.37,934624,1109744593.52,7.92,7.15,5.64,10.78
2025-05-22,002345,83.75,81.71,83.75,80.87,541804,639714900.32,3.41,-3.27,-2.76,6.25
2025-05-23,002345,80.81,81.17,82.85,79.31,371796,436475495.96,4.33,-0.66,-0.54,4.29
2025-05-26,002345,83.27,82.79,85.79,81.53,463875,559961250.9,5.25,2.0,1.62,5.35
2025-05-27,002345,83.87,87.95,89.93,82.13,720158,920637058.46,9.42,6.23,5.16,8.31
2025-05-28,002345,85.55,93.05,95.09,85.25,625474,816559967.99,11.19,5.8,5.1,7.21
2025-05-29,002345,90.41,92.45,96.47,87.17,526701,705930573.2,9.99,-0.64,-0.6,6.07
2025-05-30,002345,92.45,97.37,100.61,90.95,740199,1066195567.04,10.45,5.32,4.92,8.54
2025-06-03,002345,99.95,106.01,106.01,95.33,721034,1092740763.52,10.97,8.87,8.64,8.32
2025-06-04,002345,103.25,115.49,115.49,103.25,581927,970083851.35,11.55,8.94,9.48,6.71
2025-06-05,002345,119.51,105.23,121.73,105.23,1107784,1826206994.98,14.29,-8.88,-10.26,12.78
2025-06-06,002345,101.99,99.29,104.57,98.09,1003796,1472466899.32,6.16,-5.64,-5.94,11.58
2025-06-09,002345,99.41,99.17,100.91,96.11,604223,870195011.05,4.83,-0.12,-0.12,6.97
2025-06-10,002345,98.99,99.71,103.25,98.63,633211,930390394.0,4.66,0.54,0.54,7.3
2025-06-11,002345,99.11,100.55,102.59,98.21,506635,738471642.43,4.39,0.84,0.84,5.84
2025-06-12,002345,101.03,108.11,109.37,100.19,674047,1040601056.45,9.13,7.52,7.56,7.77
2025-06-13,002345,112.61,107.93,113.75,105.65,660038,1067114049.71,7.49,-0.17,-0.18,7.61
2025-06-16,002345,106.73,103.73,106.73,102.83,578771,882285663.88,3.61,-3.89,-4.2,6.68
2025-06-17,002345,102.65,101.21,104.39,100.85,442673,658541515.47,3.41,-2.43,-2.52,5.11
2025-06-18,002345,99.77,99.53,100.91,98.57,336991,487311012.14,2.31,-1.66,-1.68,3.89
2025-06-19,002345,99.53,96.23,100.73,95.45,419416,595402917.85,5.3,-3.32,-3.3,4.84
2025-06-20,002345,94.85,96.65,98.15,94.67,281536,394486142.0,3.62,0.44,0.42,3.25
2025-06-23,002345,95.93,97.13,98.21,94.49,313234,438011818.0,3.85,0.5,0.48,3.61
2025-06-24,002345,96.59,95.81,99.35,95.09,288027,403675196.5,4.39,-1.36,-1.32,3.32
2025-06-25,002345,96.05,95.15,97.31,94.55,247030,341320232.68,2.88,-0.69,-0.66,2.85
2025-06-26,002345,94.55,94.25,95.09,91.61,278661,376502290.45,3.66,-0.95,-0.9,3.21
2025-06-27,002345,94.49,94.85,96.35,93.59,243869,334812055.3,2.93,0.64,0.6,2.81
2025-06-30,002345,95.45,100.43,101.81,95.27,566152,813445509.82,6.9,5.88,5.58,6.53
2025-07-01,002345,100.67,101.45,103.01,98.57,424768,627841631.62,4.42,1.02,1.02,4.9
2025-07-02,002345,102.35,99.05,103.49,98.81,267458,392459424.81,4.61,-2.37,-2.4,3.08
2025-07-03,002345,98.21,100.85,102.95,97.85,267826,391980150.54,5.15,1.82,1.8,3.09
2025-07-04,002345,99.65,98.39,100.25,95.09,301584,423679534.49,5.12,-2.44,-2.46,3.48
2025-07-07,002345,96.77,102.11,105.65,96.35,383717,578646001.9,9.45,3.78,3.72,4.42
2025-07-08,002345,102.11,104.21,107.45,101.87,386850,591765495.9,5.46,2.06,2.1,4.46
2025-07-09,002345,102.77,103.07,105.29,102.05,216536,328533957.0,3.11,-1.09,-1.14,2.5
2025-07-10,002345,102.65,100.61,103.07,98.93,256512,373629245.3,4.02,-2.39,-2.46,2.96
2025-07-11,002345,99.77,98.63,101.45,98.45,191327,276716417.01,2.98,-1.97,-1.98,2.21
2025-07-14,002345,98.63,99.17,99.65,97.55,181532,259857438.23,2.13,0.55,0.54,2.09
2025-07-15,002345,97.85,93.05,97.97,90.77,546547,732689844.03,7.26,-6.17,-6.12,6.3
2025-07-16,002345,92.21,93.95,94.31,91.85,218063,293449757.67,2.64,0.97,0.9,2.51
2025-07-17,002345,94.37,92.81,94.43,91.43,225509,300170390.57,3.19,-1.21,-1.14,2.6
2025-07-18,002345,92.51,93.17,93.59,91.67,171178,227678773.84,2.07,0.39,0.36,1.97
2025-07-21,002345,93.53,93.05,94.73,92.51,150644,202630938.5,2.38,-0.13,-0.12,1.74
2025-07-22,002345,93.95,92.39,96.53,92.21,354548,483195846.42,4.64,-0.71,-0.66,4.09
2025-07-23,002345,91.97,93.95,94.55,91.49,251545,339146933.57,3.31,1.69,1.56,2.9
2025-07-24,002345,94.19,98.33,100.19,94.01,379059,542228937.35,6.58,4.66,4.38,4.37
2025-07-25,002345,97.49,97.67,100.55,96.65,215226,307167081.1,3.97,-0.67,-0.66,2.48
2025-07-28,002345,97.01,95.09,97.85,94.13,201108,277521473.02,3.81,-2.64,-2.58,2.32
2025-07-29,002345,94.67,97.19,97.19,94.43,157800,218271746.8,2.9,2.21,2.1,1.82
2025-07-30,002345,96.71,100.73,102.95,95.81,363276,529691585.26,7.35,3.64,3.54,4.19
2025-07-31,002345,100.25,98.93,100.91,97.01,287675,412748125.4,3.87,-1.79,-1.8,3.32
2025-08-01,002345,98.93,97.97,99.53,96.65,168290,238939468.0,2.91,-0.97,-0.96,1.94
2025-08-04,002345,98.87,103.61,104.33,98.45,320907,478174261.55,6.0,5.76,5.64,3.7
2025-08-05,002345,103.13,105.53,107.99,102.89,246321,381346512.63,4.92,1.85,1.92,2.84
2025-08-06,002345,105.17,111.29,111.83,103.97,303712,486244909.46,7.45,5.46,5.76,3.5
2025-08-07,002345,110.45,114.65,118.73,109.01,368064,626925637.93,8.73,3.02,3.36,4.24
2025-08-08,002345,115.25,112.19,116.75,110.81,294991,494718007.22,5.18,-2.15,-2.46,3.4
2025-08-11,002345,110.63,106.79,110.63,106.25,347485,551947576.51,3.9,-4.81,-5.4,4.01
2025-08-12,002345,106.85,107.39,107.75,106.31,152253,239763136.63,1.35,0.56,0.6,1.76
2025-08-13,002345,107.93,108.17,108.59,105.23,223121,351200443.78,3.13,0.73,0.78,2.57
2025-08-14,002345,108.23,102.77,108.59,102.47,292718,447726271.69,5.66,-4.99,-5.4,3.38
2025-08-15,002345,103.07,104.21,105.23,102.41,179611,273666605.0,2.74,1.4,1.44,2.07
2025-08-18,002345,104.15,104.81,105.77,102.65,210857,323548257.86,2.99,0.58,0.6,2.43
2025-08-19,002345,105.47,102.41,105.47,101.87,209073,315131045.02,3.43,-2.29,-2.4,2.41
2025-08-20,002345,102.05,106.19,106.73,101.87,290932,445835902.01,4.75,3.69,3.78,3.35
2025-08-21,002345,107.51,108.47,110.33,105.77,290021,460730560.22,4.29,2.15,2.28,3.34
2025-08-22,002345,108.83,103.85,109.55,103.37,387855,594845217.97,5.7,-4.26,-4.62,4.47
2025-08-25,002345,104.75,104.33,105.05,102.65,271752,412292848.93,2.31,0.46,0.48,3.13
2025-08-26,002345,104.57,104.09,106.73,103.85,250656,386236164.03,2.76,-0.23,-0.24,2.89
2025-08-27,002345,104.15,98.81,104.15,98.63,322239,472952178.55,5.3,-5.07,-5.28,3.72
2025-08-28,002345,98.75,98.15,99.83,94.55,289819,407485017.2,5.34,-0.67,-0.66,3.34
2025-08-29,002345,97.85,101.21,103.49,97.55,333666,496254460.94,6.05,3.12,3.06,3.85
2025-09-01,002345,104.57,107.39,109.85,102.77,427046,672093928.17,7.0,6.11,6.18,4.92
2025-09-02,002345,108.65,111.65,112.37,106.73,469761,765616941.36,5.25,3.97,4.26,5.42
2025-09-03,002345,113.15,108.05,115.19,107.57,373301,611294423.06,6.82,-3.22,-3.6,4.3
2025-09-04,002345,106.85,107.57,108.71,104.51,258084,405447925.14,3.89,-0.44,-0.48,2.98
2025-09-05,002345,107.57,106.67,107.57,103.13,265889,409961974.2,4.13,-0.84,-0.9,3.07
2025-09-08,002345,106.91,105.83,108.59,105.11,200279,313645299.08,3.26,-0.79,-0.84,2.31
2025-09-09,002345,107.51,108.95,111.95,106.25,376344,608406597.47,5.39,2.95,3.12,4.34
2025-09-10,002345,105.89,102.95,107.09,102.05,360311,546469063.15,4.63,-5.51,-6.0,4.15
2025-09-11,002345,102.05,103.61,104.09,100.61,220956,331395373.02,3.38,0.64,0.66,2.55
2025-09-12,002345,102.89,103.85,105.29,102.47,155380,237039048.0,2.72,0.23,0.24,1.79
2025-09-15,002345,104.15,103.85,105.29,100.97,199744,301436304.81,4.16,0.0,0.0,2.3
2025-09-16,002345,104.51,102.47,105.11,101.63,128002,191250640.85,3.35,-1.33,-1.38,1.48
2025-09-17,002345,101.57,101.15,102.23,100.55,116008,170649966.72,1.64,-1.29,-1.32,1.34
2025-09-18,002345,101.15,103.01,105.41,99.35,228394,342301793.86,5.99,1.84,1.86,2.63
2025-09-19,002345,102.47,103.19,103.79,100.31,176020,263093637.92,3.38,0.17,0.18,2.03
2025-09-22,002345,103.19,107.63,107.75,103.13,353400,548781217.92,4.48,4.3,4.44,4.07
2025-09-23,002345,107.21,105.23,107.93,103.49,168813,260246808.75,4.13,-2.23,-2.4,1.95
2025-09-24,002345,104.15,107.03,108.89,103.73,178437,281973286.7,4.9,1.71,1.8,2.06
2025-09-25,002345,106.43,101.51,106.43,101.21,255545,383581496.0,4.88,-5.16,-5.52,2.95
2025-09-26,002345,100.97,102.41,103.01,99.89,113845,169697259.0,3.07,0.89,0.9,1.31
2025-09-29,002345,101.75,97.67,102.05,96.47,254214,361254757.14,5.45,-4.63,-4.74,2.93
2025-09-30,002345,98.33,98.39,100.13,97.43,128479,183830329.0,2.76,0.74,0.72,1.48
2025-10-09,002345,101.81,98.21,101.87,97.73,207472,297807166.46,4.21,-0.18,-0.18,2.39
2025-10-10,002345,97.73,99.11,101.33,97.43,148234,214353553.58,3.97,0.92,0.9,1.71
2025-10-13,002345,96.41,98.15,100.85,95.63,143092,204586706.95,5.27,-0.97,-0.96,1.65
2025-10-14,002345,98.45,99.41,102.23,98.45,251975,370352834.99,3.85,1.28,1.26,2.91
2025-10-15,002345,101.27,101.63,102.47,96.05,231969,332534831.82,6.46,2.23,2.22,2.67
2025-10-16,002345,101.39,104.51,107.69,101.15,371255,567592629.04,6.44,2.83,2.88,4.28
2025-10-17,002345,105.05,99.83,107.81,99.65,306072,459740363.58,7.81,-4.48,-4.68,3.53
2025-10-20,002345,97.91,98.15,98.87,96.89,161564,228343361.38,1.98,-1.68,-1.68,1.86
2025-10-21,002345,98.93,98.21,98.99,97.49,97552,138163093.9,1.53,0.06,0.06,1.12
2025-10-22,002345,96.23,94.85,96.53,94.19,217467,295747652.62,2.38,-3.42,-3.36,2.51
2025-10-23,002345,94.31,89.69,94.61,88.19,330343,422936381.4,6.77,-5.44,-5.16,3.81
2025-10-24,002345,89.63,91.25,91.67,88.91,224463,287891661.02,3.08,1.74,1.56,2.59
2025-10-27,002345,90.41,94.67,96.53,90.41,253204,339578760.9,6.71,3.75,3.42,2.92
2025-10-28,002345,94.13,97.01,97.73,93.47,253515,351000474.24,4.5,2.47,2.34,2.92
2025-10-29,002345,96.59,98.27,99.23,96.05,150352,211736745.21,3.28,1.3,1.26,1.73
2025-10-30,002345,97.37,94.31,98.15,94.13,166169,228033466.57,4.09,-4.03,-3.96,1.92
2025-10-31,002345,95.21,94.49,97.85,94.37,249944,344356233.34,3.69,0.19,0.18,2.88
2025-11-03,002345,91.85,86.45,92.45,86.39,393889,482857723.59,6.41,-8.51,-8.04,4.54
2025-11-04,002345,85.79,83.39,86.15,82.73,341703,402340923.31,3.96,-3.54,-3.06,3.94
2025-11-05,002345,82.73,85.31,86.69,82.25,328747,395191884.66,5.32,2.3,1.92,3.79
2025-11-06,002345,85.13,85.55,85.85,84.53,117600,141174102.3,1.55,0.28,0.24,1.36
2025-11-07,002345,85.13,84.29,85.55,83.93,115679,137524600.0,1.89,-1.47,-1.26,1.33
2025-11-10,002345,84.29,87.53,88.07,84.11,225757,276299517.53,4.7,3.84,3.24,2.6
2025-11-11,002345,87.53,88.25,89.75,87.11,165377,207743956.79,3.02,0.82,0.72,1.91
2025-11-12,002345,90.35,89.93,92.57,89.75,216279,279877945.11,3.2,1.9,1.68,2.49
2025-11-13,002345,89.93,90.05,90.77,88.79,147637,187799832.69,2.2,0.13,0.12,1.7
2025-11-14,002345,89.45,87.71,90.35,87.53,109949,138484215.01,3.13,-2.6,-2.34,1.27
2025-11-17,002345,88.25,86.69,88.55,86.09,82636,101000307.0,2.8,-1.16,-1.02,0.95
2025-11-18,002345,86.69,85.91,86.93,85.31,78059,94401480.0,1.87,-0.9,-0.78,0.9
2025-11-19,002345,85.55,85.97,86.75,85.31,71982,87190864.75,1.68,0.07,0.06,0.83
2025-11-20,002345,86.03,86.69,87.29,85.01,111185,135476081.15,2.65,0.84,0.72,1.28
2025-11-21,002345,85.85,85.19,86.75,85.07,84090,101622755.85,1.94,-1.73,-1.5,0.97
2025-11-24,002345,85.31,86.87,87.17,84.65,86538,104949957.22,2.96,1.97,1.68,1.0
2025-11-25,002345,87.23,87.05,88.43,86.63,65182,80538105.67,2.07,0.21,0.18,0.75
2025-11-26,002345,87.53,87.89,89.81,86.93,106197,133362044.87,3.31,0.96,0.84,1.22
2025-11-27,002345,87.83,89.51,90.29,87.41,158137,200694229.8,3.28,1.84,1.62,1.82
2025-11-28,002345,89.51,89.99,90.53,88.13,93198,118200569.46,2.68,0.54,0.48,1.07
2025-12-01,002345,90.47,92.33,93.89,89.99,187711,246751163.94,4.33,2.6,2.34,2.16
2025-12-02,002345,91.97,92.33,92.45,90.05,180044,234968711.69,2.6,0.0,0.0,2.08
2025-12-03,002345,92.15,92.33,93.29,91.13,133281,175835891.0,2.34,0.0,0.0,1.54
2025-12-04,002345,91.61,90.65,92.15,89.33,122272,157601604.57,3.05,-1.82,-1.68,1.41
2025-12-05,002345,90.65,92.39,92.87,89.87,114250,150365222.38,3.31,1.92,1.74,1.32
2025-12-08,002345,92.33,91.37,92.33,91.13,85409,111573074.12,1.3,-1.1,-1.02,0.98
2025-12-09,002345,91.55,91.13,92.63,91.01,78661,102765645.0,1.77,-0.26,-0.24,0.91
2025-12-10,002345,91.13,91.73,92.87,90.65,80989,106040937.0,2.44,0.66,0.6,0.93
2025-12-11,002345,91.49,89.99,92.75,89.81,88660,114619095.1,3.21,-1.9,-1.74,1.02
2025-12-12,002345,90.11,91.25,91.25,88.91,201040,256900758.84,2.6,1.4,1.26,2.32
2025-12-15,002345,90.35,88.67,90.65,86.93,226149,282366315.6,4.08,-2.83,-2.58,2.61
2025-12-16,002345,88.49,87.89,90.65,87.29,187044,234544892.8,3.79,-0.88,-0.78,2.16
2025-12-17,002345,88.25,89.33,90.65,87.53,168444,214005918.75,3.55,1.64,1.44,1.94
2025-12-18,002345,89.09,88.49,90.35,87.41,93014,117264238.99,3.29,-0.94,-0.84,1.07
2025-12-19,002345,88.43,88.49,89.33,87.17,107994,135268041.45,2.44,0.0,0.0,1.25
2025-12-22,002345,88.91,88.85,90.29,88.01,124104,157449775.46,2.58,0.41,0.36,1.43
2025-12-23,002345,89.15,90.65,92.21,89.15,174164,226079477.0,3.44,2.03,1.8,2.01
2025-12-24,002345,90.65,90.77,91.37,88.55,132050,168894861.48,3.11,0.13,0.12,1.52
2025-12-25,002345,90.89,89.87,91.73,89.33,109351,140058694.12,2.64,-0.99,-0.9,1.26
2025-12-26,002345,89.15,90.11,90.35,88.73,95469,121607277.24,1.8,0.27,0.24,1.1
2025-12-29,002345,90.17,90.95,91.79,89.69,128089,165432786.2,2.33,0.93,0.84,1.48
2025-12-30,002345,90.17,87.47,91.55,86.93,203090,253065763.53,5.08,-3.83,-3.48,2.34
2025-12-31,002345,87.29,88.25,89.09,86.93,114652,143519227.31,2.47,0.89,0.78,1.32
